date,id,name,subs,views,videos
2026-08-31 00:00,UC0oyndW7j5GS5NIb8ww7cxw,AST.aosuto Polandball,3570,1720649,32
2026-08-31 00:00,UCfJp9c3kSkIjYFevd2G1RKg,Blackbean,15800,15878760,63
2026-08-31 00:00,UCIqROVo0xBJfh5h6cQyPm7Q,日本猫耳版ボール【目標9000人】,12900,3922565,226
2026-08-31 00:00,UC1swbrz9S2VKVABS673ACgQ,áíš!aispoaporu,136000,92774098,1044
2026-08-31 00:00,UC9EPL3fLMARICtvoL6NGMBA,AJ ball,3490,1508247,38
2026-08-31 00:00,UCQySCPjitaeZQqbgcKcofeQ,Dotto edit,9620,6728672,61
2026-08-31 00:00,UCEJRQBqXi3z3UXnHdueIvJg,F丸,32800,28413828,88
2026-08-31 00:00,UCZ-zUkkdNTYAYDgkDyeb_hA,JP-BALL,438000,165596715,128
2026-08-31 00:00,UCa-Pej_sn8Uw_mwXLKZiuIg,Moonball_PB,208000,36863205,31
2026-08-31 00:00,UC4bqMpF49ebuiF4TbJvFmyw,Opera_cb,189000,88257661,142
2026-08-31 00:00,UC61bxgiYRsBGZ04-x_M8zFw,Past_Ball,7610,3486043,210
2026-08-31 00:00,UCGueqNQmvtQYlGO3UL3Gf3w,udonball,6880,1228190,119
2026-08-31 00:00,UCYs_v0vuLKeCI--nTS1a5Dw,Dezinicht【Æž!フヒフム 海外アカウント】,112000,45503005,254
2026-08-31 06:00,UC0oyndW7j5GS5NIb8ww7cxw,AST.aosuto Polandball,3570,1720649,32
2026-08-31 06:00,UCfJp9c3kSkIjYFevd2G1RKg,Blackbean,15800,15878760,63
2026-08-31 06:00,UCIqROVo0xBJfh5h6cQyPm7Q,日本猫耳版ボール【目標9000人】,12900,3922565,226
2026-08-31 06:00,UC1swbrz9S2VKVABS673ACgQ,áíš!aispoaporu,136000,92774098,1044
2026-08-31 06:00,UC9EPL3fLMARICtvoL6NGMBA,AJ ball,3490,1508247,38
2026-08-31 06:00,UCQySCPjitaeZQqbgcKcofeQ,Dotto edit,9620,6728672,61
2026-08-31 06:00,UCEJRQBqXi3z3UXnHdueIvJg,F丸,32800,28413828,88
2026-08-31 06:00,UCZ-zUkkdNTYAYDgkDyeb_hA,JP-BALL,438000,165596715,128
2026-08-31 06:00,UCa-Pej_sn8Uw_mwXLKZiuIg,Moonball_PB,208000,36863205,31
2026-08-31 06:00,UC4bqMpF49ebuiF4TbJvFmyw,Opera_cb,189000,88257661,142
2026-08-31 06:00,UC61bxgiYRsBGZ04-x_M8zFw,Past_Ball,7610,3486043,210
2026-08-31 06:00,UCGueqNQmvtQYlGO3UL3Gf3w,udonball,6880,1228190,119
2026-08-31 06:00,UCYs_v0vuLKeCI--nTS1a5Dw,Dezinicht【Æž!フヒフム 海外アカウント】,112000,45503005,254
2026-08-31 12:00,UC0oyndW7j5GS5NIb8ww7cxw,AST.aosuto Polandball,3570,1721164,31
2026-08-31 12:00,UCfJp9c3kSkIjYFevd2G1RKg,Blackbean,15800,15878760,63
2026-08-31 12:00,UCIqROVo0xBJfh5h6cQyPm7Q,日本猫耳版ボール【目標9000人】,12900,3922808,226
2026-08-31 12:00,UC1swbrz9S2VKVABS673ACgQ,áíš!aispoaporu,136000,92840708,1044
2026-08-31 12:00,UC9EPL3fLMARICtvoL6NGMBA,AJ ball,3490,1508247,38
2026-08-31 12:00,UCQySCPjitaeZQqbgcKcofeQ,Dotto edit,9630,6757159,61
2026-08-31 12:00,UCEJRQBqXi3z3UXnHdueIvJg,F丸,32800,28495276,88
2026-08-31 12:00,UCZ-zUkkdNTYAYDgkDyeb_hA,JP-BALL,438000,165596715,128
2026-08-31 12:00,UCa-Pej_sn8Uw_mwXLKZiuIg,Moonball_PB,208000,36919287,31
2026-08-31 12:00,UC4bqMpF49ebuiF4TbJvFmyw,Opera_cb,189000,88257661,142
2026-08-31 12:00,UC61bxgiYRsBGZ04-x_M8zFw,Past_Ball,7620,3486043,210
2026-08-31 12:00,UCGueqNQmvtQYlGO3UL3Gf3w,udonball,6880,1228190,119
2026-08-31 12:00,UCYs_v0vuLKeCI--nTS1a5Dw,Dezinicht【Æž!フヒフム 海外アカウント】,113000,45503005,254
2026-08-31 18:00,UC0oyndW7j5GS5NIb8ww7cxw,AST.aosuto Polandball,3570,1721164,31
2026-08-31 18:00,UCfJp9c3kSkIjYFevd2G1RKg,Blackbean,15800,15879798,63
2026-08-31 18:00,UCIqROVo0xBJfh5h6cQyPm7Q,日本猫耳版ボール【目標9000人】,12900,3922808,226
2026-08-31 18:00,UC1swbrz9S2VKVABS673ACgQ,áíš!aispoaporu,136000,92840708,1044
2026-08-31 18:00,UC9EPL3fLMARICtvoL6NGMBA,AJ ball,3490,1508567,38
2026-08-31 18:00,UCQySCPjitaeZQqbgcKcofeQ,Dotto edit,9620,6757159,61
2026-08-31 18:00,UCEJRQBqXi3z3UXnHdueIvJg,F丸,32800,28495276,88
2026-08-31 18:00,UCZ-zUkkdNTYAYDgkDyeb_hA,JP-BALL,438000,165617878,128
2026-08-31 18:00,UCa-Pej_sn8Uw_mwXLKZiuIg,Moonball_PB,209000,36919287,31
2026-08-31 18:00,UC4bqMpF49ebuiF4TbJvFmyw,Opera_cb,189000,88282254,142
2026-08-31 18:00,UC61bxgiYRsBGZ04-x_M8zFw,Past_Ball,7620,3487618,210
2026-08-31 18:00,UCGueqNQmvtQYlGO3UL3Gf3w,udonball,6880,1228658,119
2026-08-31 18:00,UCYs_v0vuLKeCI--nTS1a5Dw,Dezinicht【Æž!フヒフム 海外アカウント】,113000,45715901,254
2026-09-01 00:00,UC0oyndW7j5GS5NIb8ww7cxw,AST.aosuto Polandball,3570,1721540,31
2026-09-01 00:00,UCfJp9c3kSkIjYFevd2G1RKg,Blackbean,15800,15879798,63
2026-09-01 00:00,UCIqROVo0xBJfh5h6cQyPm7Q,日本猫耳版ボール【目標9000人】,12900,3922808,226
2026-09-01 00:00,UC1swbrz9S2VKVABS673ACgQ,áíš!aispoaporu,136000,92885550,1044
2026-09-01 00:00,UC9EPL3fLMARICtvoL6NGMBA,AJ ball,3490,1508567,38
2026-09-01 00:00,UCQySCPjitaeZQqbgcKcofeQ,Dotto edit,9630,6757159,61
2026-09-01 00:00,UCEJRQBqXi3z3UXnHdueIvJg,F丸,32900,28551326,88
2026-09-01 00:00,UCZ-zUkkdNTYAYDgkDyeb_hA,JP-BALL,438000,165631370,128
2026-09-01 00:00,UCa-Pej_sn8Uw_mwXLKZiuIg,Moonball_PB,209000,36948232,31
2026-09-01 00:00,UC4bqMpF49ebuiF4TbJvFmyw,Opera_cb,189000,88282254,142
2026-09-01 00:00,UC61bxgiYRsBGZ04-x_M8zFw,Past_Ball,7630,3487618,211
2026-09-01 00:00,UCGueqNQmvtQYlGO3UL3Gf3w,udonball,6880,1228658,119
2026-09-01 00:00,UCYs_v0vuLKeCI--nTS1a5Dw,Dezinicht【Æž!フヒフム 海外アカウント】,113000,45715901,254
2026-09-01 06:00,UC0oyndW7j5GS5NIb8ww7cxw,AST.aosuto Polandball,3570,1721540,31
2026-09-01 06:00,UCfJp9c3kSkIjYFevd2G1RKg,Blackbean,15800,15894802,63
2026-09-01 06:00,UCIqROVo0xBJfh5h6cQyPm7Q,日本猫耳版ボール【目標9000人】,12900,3923074,226
2026-09-01 06:00,UC1swbrz9S2VKVABS673ACgQ,áíš!aispoaporu,136000,92885550,1044
2026-09-01 06:00,UC9EPL3fLMARICtvoL6NGMBA,AJ ball,3490,1508713,38
2026-09-01 06:00,UCQySCPjitaeZQqbgcKcofeQ,Dotto edit,9630,6772161,61
2026-09-01 06:00,UCEJRQBqXi3z3UXnHdueIvJg,F丸,32900,28551326,88
2026-09-01 06:00,UCZ-zUkkdNTYAYDgkDyeb_hA,JP-BALL,438000,165631370,128
2026-09-01 06:00,UCa-Pej_sn8Uw_mwXLKZiuIg,Moonball_PB,209000,36948232,31
2026-09-01 06:00,UC4bqMpF49ebuiF4TbJvFmyw,Opera_cb,189000,88297044,142
2026-09-01 06:00,UC61bxgiYRsBGZ04-x_M8zFw,Past_Ball,7620,3488623,211
2026-09-01 06:00,UCGueqNQmvtQYlGO3UL3Gf3w,udonball,6890,1226539,119
2026-09-01 06:00,UCYs_v0vuLKeCI--nTS1a5Dw,Dezinicht【Æž!フヒフム 海外アカウント】,113000,45852640,254
2026-09-01 12:00,UC0oyndW7j5GS5NIb8ww7cxw,AST.aosuto Polandball,3570,1721540,31
2026-09-01 12:00,UCfJp9c3kSkIjYFevd2G1RKg,Blackbean,15800,15894802,63
2026-09-01 12:00,UCIqROVo0xBJfh5h6cQyPm7Q,日本猫耳版ボール【目標9000人】,12900,3923074,226
2026-09-01 12:00,UC1swbrz9S2VKVABS673ACgQ,áíš!aispoaporu,136000,92885550,1044
2026-09-01 12:00,UC9EPL3fLMARICtvoL6NGMBA,AJ ball,3490,1508713,38
2026-09-01 12:00,UCQySCPjitaeZQqbgcKcofeQ,Dotto edit,9630,6772161,61
2026-09-01 12:00,UCEJRQBqXi3z3UXnHdueIvJg,F丸,32900,28551326,88
2026-09-01 12:00,UCZ-zUkkdNTYAYDgkDyeb_hA,JP-BALL,438000,165631370,128
2026-09-01 12:00,UCa-Pej_sn8Uw_mwXLKZiuIg,Moonball_PB,209000,36948232,31
2026-09-01 12:00,UC4bqMpF49ebuiF4TbJvFmyw,Opera_cb,189000,88297044,142
2026-09-01 12:00,UC61bxgiYRsBGZ04-x_M8zFw,Past_Ball,7620,3488623,211
2026-09-01 12:00,UCGueqNQmvtQYlGO3UL3Gf3w,udonball,6890,1226539,119
2026-09-01 12:00,UCYs_v0vuLKeCI--nTS1a5Dw,Dezinicht【Æž!フヒフム 海外アカウント】,113000,45852640,254
2026-09-01 18:00,UC0oyndW7j5GS5NIb8ww7cxw,AST.aosuto Polandball,3570,1721951,31
2026-09-01 18:00,UCfJp9c3kSkIjYFevd2G1RKg,Blackbean,15800,15896288,63
2026-09-01 18:00,UCIqROVo0xBJfh5h6cQyPm7Q,日本猫耳版ボール【目標9000人】,12900,3923340,226
2026-09-01 18:00,UC1swbrz9S2VKVABS673ACgQ,áíš!aispoaporu,136000,92939604,1045
2026-09-01 18:00,UC9EPL3fLMARICtvoL6NGMBA,AJ ball,3490,1509009,38
2026-09-01 18:00,UCQySCPjitaeZQqbgcKcofeQ,Dotto edit,9640,6790471,61
2026-09-01 18:00,UCEJRQBqXi3z3UXnHdueIvJg,F丸,32900,28588153,88
2026-09-01 18:00,UCZ-zUkkdNTYAYDgkDyeb_hA,JP-BALL,438000,165651023,128
2026-09-01 18:00,UCa-Pej_sn8Uw_mwXLKZiuIg,Moonball_PB,209000,36994086,31
2026-09-01 18:00,UC4bqMpF49ebuiF4TbJvFmyw,Opera_cb,189000,88322354,142
2026-09-01 18:00,UC61bxgiYRsBGZ04-x_M8zFw,Past_Ball,7630,3489915,211
2026-09-01 18:00,UCGueqNQmvtQYlGO3UL3Gf3w,udonball,6890,1226897,119
2026-09-01 18:00,UCYs_v0vuLKeCI--nTS1a5Dw,Dezinicht【Æž!フヒフム 海外アカウント】,113000,46028886,254
2026-09-02 00:00,UC0oyndW7j5GS5NIb8ww7cxw,AST.aosuto Polandball,3570,1721951,31
2026-09-02 00:00,UCfJp9c3kSkIjYFevd2G1RKg,Blackbean,15800,15896288,63
2026-09-02 00:00,UCIqROVo0xBJfh5h6cQyPm7Q,日本猫耳版ボール【目標9000人】,12900,3923340,226
2026-09-02 00:00,UC1swbrz9S2VKVABS673ACgQ,áíš!aispoaporu,136000,92939604,1045
2026-09-02 00:00,UC9EPL3fLMARICtvoL6NGMBA,AJ ball,3490,1509009,39
2026-09-02 00:00,UCQySCPjitaeZQqbgcKcofeQ,Dotto edit,9650,6790471,61
2026-09-02 00:00,UCEJRQBqXi3z3UXnHdueIvJg,F丸,32900,28588153,88
2026-09-02 00:00,UCZ-zUkkdNTYAYDgkDyeb_hA,JP-BALL,438000,165651023,128
2026-09-02 00:00,UCa-Pej_sn8Uw_mwXLKZiuIg,Moonball_PB,209000,36994086,31
2026-09-02 00:00,UC4bqMpF49ebuiF4TbJvFmyw,Opera_cb,189000,88322354,142
2026-09-02 00:00,UC61bxgiYRsBGZ04-x_M8zFw,Past_Ball,7640,3489915,211
2026-09-02 00:00,UCGueqNQmvtQYlGO3UL3Gf3w,udonball,6890,1226897,119
2026-09-02 00:00,UCYs_v0vuLKeCI--nTS1a5Dw,Dezinicht【Æž!フヒフム 海外アカウント】,113000,46028886,254
2026-09-02 06:00,UC0oyndW7j5GS5NIb8ww7cxw,AST.aosuto Polandball,3570,1721951,31
2026-09-02 06:00,UCfJp9c3kSkIjYFevd2G1RKg,Blackbean,15800,15896288,63
2026-09-02 06:00,UCIqROVo0xBJfh5h6cQyPm7Q,日本猫耳版ボール【目標9000人】,12900,3923340,226
2026-09-02 06:00,UC1swbrz9S2VKVABS673ACgQ,áíš!aispoaporu,136000,92939604,1045
2026-09-02 06:00,UC9EPL3fLMARICtvoL6NGMBA,AJ ball,3490,1509009,39
2026-09-02 06:00,UCQySCPjitaeZQqbgcKcofeQ,Dotto edit,9650,6790471,61
2026-09-02 06:00,UCEJRQBqXi3z3UXnHdueIvJg,F丸,32900,28588153,88
2026-09-02 06:00,UCZ-zUkkdNTYAYDgkDyeb_hA,JP-BALL,438000,165651023,128
2026-09-02 06:00,UCa-Pej_sn8Uw_mwXLKZiuIg,Moonball_PB,209000,36994086,31
2026-09-02 06:00,UC4bqMpF49ebuiF4TbJvFmyw,Opera_cb,189000,88322354,142
2026-09-02 06:00,UC61bxgiYRsBGZ04-x_M8zFw,Past_Ball,7640,3489915,211
2026-09-02 06:00,UCGueqNQmvtQYlGO3UL3Gf3w,udonball,6890,1226897,119
2026-09-02 06:00,UCYs_v0vuLKeCI--nTS1a5Dw,Dezinicht【Æž!フヒフム 海外アカウント】,114000,46028886,254
2026-09-02 12:00,UC0oyndW7j5GS5NIb8ww7cxw,AST.aosuto Polandball,3570,1721951,31
2026-09-02 12:00,UCfJp9c3kSkIjYFevd2G1RKg,Blackbean,15800,15896288,63
2026-09-02 12:00,UCIqROVo0xBJfh5h6cQyPm7Q,日本猫耳版ボール【目標9000人】,12900,3923340,226
2026-09-02 12:00,UC1swbrz9S2VKVABS673ACgQ,áíš!aispoaporu,136000,92939604,1045
2026-09-02 12:00,UC9EPL3fLMARICtvoL6NGMBA,AJ ball,3490,1509009,39
2026-09-02 12:00,UCQySCPjitaeZQqbgcKcofeQ,Dotto edit,9660,6790471,61
2026-09-02 12:00,UCEJRQBqXi3z3UXnHdueIvJg,F丸,32900,28588153,88
2026-09-02 12:00,UCZ-zUkkdNTYAYDgkDyeb_hA,JP-BALL,438000,165651023,128
2026-09-02 12:00,UCa-Pej_sn8Uw_mwXLKZiuIg,Moonball_PB,210000,36994086,31
2026-09-02 12:00,UC4bqMpF49ebuiF4TbJvFmyw,Opera_cb,189000,88322354,142
2026-09-02 12:00,UC61bxgiYRsBGZ04-x_M8zFw,Past_Ball,7640,3489915,211
2026-09-02 12:00,UCGueqNQmvtQYlGO3UL3Gf3w,udonball,6890,1226897,119
2026-09-02 12:00,UCYs_v0vuLKeCI--nTS1a5Dw,Dezinicht【Æž!フヒフム 海外アカウント】,114000,46028886,254
2026-09-02 18:00,UC0oyndW7j5GS5NIb8ww7cxw,AST.aosuto Polandball,3570,1722623,31
2026-09-02 18:00,UCfJp9c3kSkIjYFevd2G1RKg,Blackbean,15800,15898065,63
2026-09-02 18:00,UCIqROVo0xBJfh5h6cQyPm7Q,日本猫耳版ボール【目標9000人】,12900,3923757,226
2026-09-02 18:00,UC1swbrz9S2VKVABS673ACgQ,áíš!aispoaporu,136000,93010300,1045
2026-09-02 18:00,UC9EPL3fLMARICtvoL6NGMBA,AJ ball,3490,1509724,39
2026-09-02 18:00,UCQySCPjitaeZQqbgcKcofeQ,Dotto edit,9670,6841885,61
2026-09-02 18:00,UCEJRQBqXi3z3UXnHdueIvJg,F丸,32900,28636749,88
2026-09-02 18:00,UCZ-zUkkdNTYAYDgkDyeb_hA,JP-BALL,438000,165683995,128
2026-09-02 18:00,UCa-Pej_sn8Uw_mwXLKZiuIg,Moonball_PB,210000,37081212,31
2026-09-02 18:00,UC4bqMpF49ebuiF4TbJvFmyw,Opera_cb,189000,88362461,142
2026-09-02 18:00,UC61bxgiYRsBGZ04-x_M8zFw,Past_Ball,7640,3491905,211
2026-09-02 18:00,UCGueqNQmvtQYlGO3UL3Gf3w,udonball,6890,1227701,119
2026-09-02 18:00,UCYs_v0vuLKeCI--nTS1a5Dw,Dezinicht【Æž!フヒフム 海外アカウント】,114000,46348512,254
2026-09-03 00:00,UC0oyndW7j5GS5NIb8ww7cxw,AST.aosuto Polandball,3570,1722623,31
2026-09-03 00:00,UCfJp9c3kSkIjYFevd2G1RKg,Blackbean,15800,15898065,63
2026-09-03 00:00,UCIqROVo0xBJfh5h6cQyPm7Q,日本猫耳版ボール【目標9000人】,12900,3923757,226
2026-09-03 00:00,UC1swbrz9S2VKVABS673ACgQ,áíš!aispoaporu,136000,93010300,1045
2026-09-03 00:00,UC9EPL3fLMARICtvoL6NGMBA,AJ ball,3490,1509724,39
2026-09-03 00:00,UCQySCPjitaeZQqbgcKcofeQ,Dotto edit,9680,6841885,61
2026-09-03 00:00,UCEJRQBqXi3z3UXnHdueIvJg,F丸,33000,28636749,88
2026-09-03 00:00,UCZ-zUkkdNTYAYDgkDyeb_hA,JP-BALL,438000,165683995,128
2026-09-03 00:00,UCa-Pej_sn8Uw_mwXLKZiuIg,Moonball_PB,211000,37081212,31
2026-09-03 00:00,UC4bqMpF49ebuiF4TbJvFmyw,Opera_cb,189000,88362461,142
2026-09-03 00:00,UC61bxgiYRsBGZ04-x_M8zFw,Past_Ball,7640,3491905,211
2026-09-03 00:00,UCGueqNQmvtQYlGO3UL3Gf3w,udonball,6890,1227701,119
2026-09-03 00:00,UCYs_v0vuLKeCI--nTS1a5Dw,Dezinicht【Æž!フヒフム 海外アカウント】,114000,46348512,254
2026-09-03 06:00,UC0oyndW7j5GS5NIb8ww7cxw,AST.aosuto Polandball,3570,1722623,31
2026-09-03 06:00,UCfJp9c3kSkIjYFevd2G1RKg,Blackbean,15800,15898548,63
2026-09-03 06:00,UCIqROVo0xBJfh5h6cQyPm7Q,日本猫耳版ボール【目標9000人】,12900,3923867,226
2026-09-03 06:00,UC1swbrz9S2VKVABS673ACgQ,áíš!aispoaporu,136000,93010300,1045
2026-09-03 06:00,UC9EPL3fLMARICtvoL6NGMBA,AJ ball,3490,1509724,39
2026-09-03 06:00,UCQySCPjitaeZQqbgcKcofeQ,Dotto edit,9690,6866709,61
2026-09-03 06:00,UCEJRQBqXi3z3UXnHdueIvJg,F丸,33000,28670279,88
2026-09-03 06:00,UCZ-zUkkdNTYAYDgkDyeb_hA,JP-BALL,438000,165694617,128
2026-09-03 06:00,UCa-Pej_sn8Uw_mwXLKZiuIg,Moonball_PB,211000,37113749,31
2026-09-03 06:00,UC4bqMpF49ebuiF4TbJvFmyw,Opera_cb,189000,88374658,142
2026-09-03 06:00,UC61bxgiYRsBGZ04-x_M8zFw,Past_Ball,7640,3492515,211
2026-09-03 06:00,UCGueqNQmvtQYlGO3UL3Gf3w,udonball,6890,1228003,119
2026-09-03 06:00,UCYs_v0vuLKeCI--nTS1a5Dw,Dezinicht【Æž!フヒフム 海外アカウント】,114000,46348512,254
2026-09-03 12:00,UC0oyndW7j5GS5NIb8ww7cxw,AST.aosuto Polandball,3570,1722812,31
2026-09-03 12:00,UCfJp9c3kSkIjYFevd2G1RKg,Blackbean,15800,15898548,63
2026-09-03 12:00,UCIqROVo0xBJfh5h6cQyPm7Q,日本猫耳版ボール【目標9000人】,12900,3923867,226
2026-09-03 12:00,UC1swbrz9S2VKVABS673ACgQ,áíš!aispoaporu,136000,93027381,1045
2026-09-03 12:00,UC9EPL3fLMARICtvoL6NGMBA,AJ ball,3490,1509876,39
2026-09-03 12:00,UCQySCPjitaeZQqbgcKcofeQ,Dotto edit,9700,6866709,61
2026-09-03 12:00,UCEJRQBqXi3z3UXnHdueIvJg,F丸,33000,28670279,88
2026-09-03 12:00,UCZ-zUkkdNTYAYDgkDyeb_hA,JP-BALL,438000,165694617,128
2026-09-03 12:00,UCa-Pej_sn8Uw_mwXLKZiuIg,Moonball_PB,211000,37113749,31
2026-09-03 12:00,UC4bqMpF49ebuiF4TbJvFmyw,Opera_cb,189000,88374658,142
2026-09-03 12:00,UC61bxgiYRsBGZ04-x_M8zFw,Past_Ball,7640,3492515,211
2026-09-03 12:00,UCGueqNQmvtQYlGO3UL3Gf3w,udonball,6890,1228003,119
2026-09-03 12:00,UCYs_v0vuLKeCI--nTS1a5Dw,Dezinicht【Æž!フヒフム 海外アカウント】,114000,46456072,255
2026-09-03 18:00,UC0oyndW7j5GS5NIb8ww7cxw,AST.aosuto Polandball,3570,1723298,31
2026-09-03 18:00,UCfJp9c3kSkIjYFevd2G1RKg,くろまめ,15800,15899612,64
2026-09-03 18:00,UCIqROVo0xBJfh5h6cQyPm7Q,日本猫耳版ボール【目標9000人】,12900,3924067,226
2026-09-03 18:00,UC1swbrz9S2VKVABS673ACgQ,áíš!aispoaporu,136000,93064745,1045
2026-09-03 18:00,UC9EPL3fLMARICtvoL6NGMBA,AJ ball,3500,1510150,39
2026-09-03 18:00,UCQySCPjitaeZQqbgcKcofeQ,Dotto edit,9710,6900851,61
2026-09-03 18:00,UCEJRQBqXi3z3UXnHdueIvJg,F丸,33000,28711846,88
2026-09-03 18:00,UCZ-zUkkdNTYAYDgkDyeb_hA,JP-BALL,438000,165713053,128
2026-09-03 18:00,UCa-Pej_sn8Uw_mwXLKZiuIg,Moonball_PB,211000,37178596,31
2026-09-03 18:00,UC4bqMpF49ebuiF4TbJvFmyw,Opera_cb,189000,88399777,142
2026-09-03 18:00,UC61bxgiYRsBGZ04-x_M8zFw,Past_Ball,7650,3493897,211
2026-09-03 18:00,UCGueqNQmvtQYlGO3UL3Gf3w,udonball,6890,1228394,119
2026-09-03 18:00,UCYs_v0vuLKeCI--nTS1a5Dw,Dezinicht【Æž!フヒフム 海外アカウント】,114000,46634662,255
2026-09-04 00:00,UC0oyndW7j5GS5NIb8ww7cxw,AST.aosuto Polandball,3570,1723298,31
2026-09-04 00:00,UCfJp9c3kSkIjYFevd2G1RKg,くろまめ,15800,15899612,64
2026-09-04 00:00,UCIqROVo0xBJfh5h6cQyPm7Q,日本猫耳版ボール【目標9000人】,12900,3924067,226
2026-09-04 00:00,UC1swbrz9S2VKVABS673ACgQ,áíš!aispoaporu,136000,93064745,1046
2026-09-04 00:00,UC9EPL3fLMARICtvoL6NGMBA,AJ ball,3500,1510150,39
2026-09-04 00:00,UCQySCPjitaeZQqbgcKcofeQ,Dotto edit,9730,6900851,61
2026-09-04 00:00,UCEJRQBqXi3z3UXnHdueIvJg,F丸,33000,28711846,88
2026-09-04 00:00,UCZ-zUkkdNTYAYDgkDyeb_hA,JP-BALL,438000,165713053,128
2026-09-04 00:00,UCa-Pej_sn8Uw_mwXLKZiuIg,Moonball_PB,211000,37178596,31
2026-09-04 00:00,UC4bqMpF49ebuiF4TbJvFmyw,Opera_cb,189000,88399777,142
2026-09-04 00:00,UC61bxgiYRsBGZ04-x_M8zFw,Past_Ball,7650,3493897,211
2026-09-04 00:00,UCGueqNQmvtQYlGO3UL3Gf3w,udonball,6890,1228394,119
2026-09-04 00:00,UCYs_v0vuLKeCI--nTS1a5Dw,Dezinicht【Æž!フヒフム 海外アカウント】,114000,46634662,255
2026-09-04 06:00,UC0oyndW7j5GS5NIb8ww7cxw,AST.aosuto Polandball,3570,1723298,31
2026-09-04 06:00,UCfJp9c3kSkIjYFevd2G1RKg,くろまめ,15800,15899612,64
2026-09-04 06:00,UCIqROVo0xBJfh5h6cQyPm7Q,日本猫耳版ボール【目標9000人】,12900,3924067,226
2026-09-04 06:00,UC1swbrz9S2VKVABS673ACgQ,áíš!aispoaporu,136000,93064745,1046
2026-09-04 06:00,UC9EPL3fLMARICtvoL6NGMBA,AJ ball,3500,1510150,39
2026-09-04 06:00,UCQySCPjitaeZQqbgcKcofeQ,Dotto edit,9730,6900851,61
2026-09-04 06:00,UCEJRQBqXi3z3UXnHdueIvJg,F丸,33000,28711846,88
2026-09-04 06:00,UCZ-zUkkdNTYAYDgkDyeb_hA,JP-BALL,438000,165713053,128
2026-09-04 06:00,UCa-Pej_sn8Uw_mwXLKZiuIg,Moonball_PB,212000,37178596,31
2026-09-04 06:00,UC4bqMpF49ebuiF4TbJvFmyw,Opera_cb,189000,88399777,142
2026-09-04 06:00,UC61bxgiYRsBGZ04-x_M8zFw,Past_Ball,7650,3493897,211
2026-09-04 06:00,UCGueqNQmvtQYlGO3UL3Gf3w,udonball,6890,1228394,119
2026-09-04 06:00,UCYs_v0vuLKeCI--nTS1a5Dw,Dezinicht【Æž!フヒフム 海外アカウント】,115000,46634662,255
2026-09-04 12:00,UC0oyndW7j5GS5NIb8ww7cxw,AST.アオスト Polandball,3570,1723298,31
2026-09-04 12:00,UCfJp9c3kSkIjYFevd2G1RKg,くろまめ,15800,15899612,64
2026-09-04 12:00,UCIqROVo0xBJfh5h6cQyPm7Q,日本猫耳版ボール【目標9000人】,12900,3924067,226
2026-09-04 12:00,UC1swbrz9S2VKVABS673ACgQ,áíš!aispoaporu,136000,93064745,1046
2026-09-04 12:00,UC9EPL3fLMARICtvoL6NGMBA,AJ ball,3500,1510150,39
2026-09-04 12:00,UCQySCPjitaeZQqbgcKcofeQ,Dotto edit,9730,6900851,61
2026-09-04 12:00,UCEJRQBqXi3z3UXnHdueIvJg,F丸,33000,28711846,88
2026-09-04 12:00,UCZ-zUkkdNTYAYDgkDyeb_hA,JP-BALL,438000,165713053,128
2026-09-04 12:00,UCa-Pej_sn8Uw_mwXLKZiuIg,Moonball_PB,212000,37178596,31
2026-09-04 12:00,UC4bqMpF49ebuiF4TbJvFmyw,Opera_cb,189000,88399777,142
2026-09-04 12:00,UC61bxgiYRsBGZ04-x_M8zFw,Past_Ball,7650,3493897,211
2026-09-04 12:00,UCGueqNQmvtQYlGO3UL3Gf3w,udonball,6890,1228394,119
2026-09-04 12:00,UCYs_v0vuLKeCI--nTS1a5Dw,Dezinicht【Æž!フヒフム 海外アカウント】,115000,46634662,255
2026-09-04 18:00,UC0oyndW7j5GS5NIb8ww7cxw,AST.アオスト Polandball,3570,1723298,31
2026-09-04 18:00,UCfJp9c3kSkIjYFevd2G1RKg,くろまめ,15800,15899612,65
2026-09-04 18:00,UCIqROVo0xBJfh5h6cQyPm7Q,日本猫耳版ボール【目標9000人】,12900,3924067,226
2026-09-04 18:00,UC1swbrz9S2VKVABS673ACgQ,áíš!aispoaporu,137000,93064745,1046
2026-09-04 18:00,UC9EPL3fLMARICtvoL6NGMBA,AJ ball,3500,1510150,39
2026-09-04 18:00,UCQySCPjitaeZQqbgcKcofeQ,Dotto edit,9740,6900851,61
2026-09-04 18:00,UCEJRQBqXi3z3UXnHdueIvJg,F丸,33000,28711846,88
2026-09-04 18:00,UCZ-zUkkdNTYAYDgkDyeb_hA,JP-BALL,438000,165713053,128
2026-09-04 18:00,UCa-Pej_sn8Uw_mwXLKZiuIg,Moonball_PB,212000,37178596,31
2026-09-04 18:00,UC4bqMpF49ebuiF4TbJvFmyw,Opera_cb,189000,88399777,142
2026-09-04 18:00,UC61bxgiYRsBGZ04-x_M8zFw,Past_Ball,7650,3493897,211
2026-09-04 18:00,UCGueqNQmvtQYlGO3UL3Gf3w,udonball,6890,1228394,119
2026-09-04 18:00,UCYs_v0vuLKeCI--nTS1a5Dw,Dezinicht【Æž!フヒフム 海外アカウント】,115000,46634662,255
2026-09-05 00:00,UC0oyndW7j5GS5NIb8ww7cxw,AST.アオスト Polandball,3580,1723298,31
2026-09-05 00:00,UCfJp9c3kSkIjYFevd2G1RKg,くろまめ,15800,15899612,65
2026-09-05 00:00,UCIqROVo0xBJfh5h6cQyPm7Q,日本猫耳版ボール【目標9000人】,12900,3924067,226
2026-09-05 00:00,UC1swbrz9S2VKVABS673ACgQ,áíš!aispoaporu,137000,93064745,1046
2026-09-05 00:00,UC9EPL3fLMARICtvoL6NGMBA,AJ ball,3500,1510150,39
2026-09-05 00:00,UCQySCPjitaeZQqbgcKcofeQ,Dotto edit,9740,6980407,61
2026-09-05 00:00,UCEJRQBqXi3z3UXnHdueIvJg,F丸,33000,28768452,89
2026-09-05 00:00,UCZ-zUkkdNTYAYDgkDyeb_hA,JP-BALL,438000,165713053,128
2026-09-05 00:00,UCa-Pej_sn8Uw_mwXLKZiuIg,Moonball_PB,213000,37178596,31
2026-09-05 00:00,UC4bqMpF49ebuiF4TbJvFmyw,Opera_cb,189000,88399777,142
2026-09-05 00:00,UC61bxgiYRsBGZ04-x_M8zFw,Past_Ball,7650,3493897,211
2026-09-05 00:00,UCGueqNQmvtQYlGO3UL3Gf3w,udonball,6890,1228394,119
2026-09-05 00:00,UCYs_v0vuLKeCI--nTS1a5Dw,Dezinicht【Æž!フヒフム 海外アカウント】,115000,46634662,255
2026-09-05 06:00,UC0oyndW7j5GS5NIb8ww7cxw,AST.アオスト Polandball,3570,1723298,31
2026-09-05 06:00,UCfJp9c3kSkIjYFevd2G1RKg,くろまめ,15800,15899612,65
2026-09-05 06:00,UCIqROVo0xBJfh5h6cQyPm7Q,日本猫耳版ボール【目標9000人】,12900,3924067,226
2026-09-05 06:00,UC1swbrz9S2VKVABS673ACgQ,áíš!aispoaporu,137000,93064745,1046
2026-09-05 06:00,UC9EPL3fLMARICtvoL6NGMBA,AJ ball,3500,1510150,39
2026-09-05 06:00,UCQySCPjitaeZQqbgcKcofeQ,Dotto edit,9760,6980407,61
2026-09-05 06:00,UCEJRQBqXi3z3UXnHdueIvJg,F丸,33100,28768452,89
2026-09-05 06:00,UCZ-zUkkdNTYAYDgkDyeb_hA,JP-BALL,438000,165713053,128
2026-09-05 06:00,UCa-Pej_sn8Uw_mwXLKZiuIg,Moonball_PB,213000,37178596,31
2026-09-05 06:00,UC4bqMpF49ebuiF4TbJvFmyw,Opera_cb,189000,88399777,142
2026-09-05 06:00,UC61bxgiYRsBGZ04-x_M8zFw,Past_Ball,7650,3493897,211
2026-09-05 06:00,UCGueqNQmvtQYlGO3UL3Gf3w,udonball,6890,1228394,119
2026-09-05 06:00,UCYs_v0vuLKeCI--nTS1a5Dw,Dezinicht【Æž!フヒフム 海外アカウント】,115000,46634662,255
2026-09-05 12:00,UC0oyndW7j5GS5NIb8ww7cxw,AST.アオスト Polandball,3580,1723298,31
2026-09-05 12:00,UCfJp9c3kSkIjYFevd2G1RKg,くろまめ,15800,15899612,65
2026-09-05 12:00,UCIqROVo0xBJfh5h6cQyPm7Q,日本猫耳版ボール【目標9000人】,12900,3924067,226
2026-09-05 12:00,UC1swbrz9S2VKVABS673ACgQ,áíš!aispoaporu,137000,93064745,1046
2026-09-05 12:00,UC9EPL3fLMARICtvoL6NGMBA,AJ ball,3500,1510150,39
2026-09-05 12:00,UCQySCPjitaeZQqbgcKcofeQ,Dotto edit,9770,6980407,61
2026-09-05 12:00,UCEJRQBqXi3z3UXnHdueIvJg,F丸,33100,28768452,89
2026-09-05 12:00,UCZ-zUkkdNTYAYDgkDyeb_hA,JP-BALL,438000,165713053,128
2026-09-05 12:00,UCa-Pej_sn8Uw_mwXLKZiuIg,Moonball_PB,213000,37178596,31
2026-09-05 12:00,UC4bqMpF49ebuiF4TbJvFmyw,Opera_cb,189000,88399777,142
2026-09-05 12:00,UC61bxgiYRsBGZ04-x_M8zFw,Past_Ball,7660,3493897,211
2026-09-05 12:00,UCGueqNQmvtQYlGO3UL3Gf3w,udonball,6890,1228394,119
2026-09-05 12:00,UCYs_v0vuLKeCI--nTS1a5Dw,Dezinicht【Æž!フヒフム 海外アカウント】,115000,46634662,255
2026-09-05 12:00,UCfh08MHIzScBQKh5OuG2ofA,Somen ball,164000,61422252,139
2026-09-05 12:00,UCyedH2V27OuhZclf5wfXhlg,Spheria,131000,92326231,68
2026-09-05 12:00,UCfe4nCMqfTwoiMmIGqAolcQ,りょうデス,24000,15245772,892
2026-09-05 18:00,UC0oyndW7j5GS5NIb8ww7cxw,AST.アオスト Polandball,3570,1724907,31
2026-09-05 18:00,UCfJp9c3kSkIjYFevd2G1RKg,くろまめ,15900,15903694,66
2026-09-05 18:00,UCIqROVo0xBJfh5h6cQyPm7Q,日本猫耳版ボール【目標9000人】,12900,3924835,226
2026-09-05 18:00,UC1swbrz9S2VKVABS673ACgQ,áíš!aispoaporu,137000,93189682,1047
2026-09-05 18:00,UC9EPL3fLMARICtvoL6NGMBA,AJ ball,3500,1511082,39
2026-09-05 18:00,UCQySCPjitaeZQqbgcKcofeQ,Dotto edit,9780,7031691,61
2026-09-05 18:00,UCEJRQBqXi3z3UXnHdueIvJg,F丸,33100,28824530,89
2026-09-05 18:00,UCZ-zUkkdNTYAYDgkDyeb_hA,JP-BALL,438000,165773603,128
2026-09-05 18:00,UCa-Pej_sn8Uw_mwXLKZiuIg,Moonball_PB,213000,37411938,31
2026-09-05 18:00,UC4bqMpF49ebuiF4TbJvFmyw,Opera_cb,189000,88477376,142
2026-09-05 18:00,UC61bxgiYRsBGZ04-x_M8zFw,Past_Ball,7660,3498806,211
2026-09-05 18:00,UCGueqNQmvtQYlGO3UL3Gf3w,udonball,6890,1228394,119
2026-09-05 18:00,UCYs_v0vuLKeCI--nTS1a5Dw,Dezinicht【Æž!フヒフム 海外アカウント】,115000,47147950,254
2026-09-05 18:00,UCfh08MHIzScBQKh5OuG2ofA,Somen ball,164000,61470970,139
2026-09-05 18:00,UCyedH2V27OuhZclf5wfXhlg,Spheria,131000,92354092,68
2026-09-05 18:00,UCfe4nCMqfTwoiMmIGqAolcQ,りょうデス,24000,15246576,892
2026-09-06 00:00,UC0oyndW7j5GS5NIb8ww7cxw,AST.アオスト Polandball,3580,1725446,32
2026-09-06 00:00,UCfJp9c3kSkIjYFevd2G1RKg,くろまめ,15900,15903694,66
2026-09-06 00:00,UCIqROVo0xBJfh5h6cQyPm7Q,日本猫耳版ボール【目標9000人】,12900,3924835,226
2026-09-06 00:00,UC1swbrz9S2VKVABS673ACgQ,áíš!aispoaporu,137000,93189682,1047
2026-09-06 00:00,UC9EPL3fLMARICtvoL6NGMBA,AJ ball,3500,1511082,39
2026-09-06 00:00,UCQySCPjitaeZQqbgcKcofeQ,Dotto edit,9790,7031691,61
2026-09-06 00:00,UCEJRQBqXi3z3UXnHdueIvJg,F丸,33200,28846566,89
2026-09-06 00:00,UCZ-zUkkdNTYAYDgkDyeb_hA,JP-BALL,438000,165773603,128
2026-09-06 00:00,UCa-Pej_sn8Uw_mwXLKZiuIg,Moonball_PB,214000,37476489,32
2026-09-06 00:00,UC4bqMpF49ebuiF4TbJvFmyw,Opera_cb,189000,88477376,142
2026-09-06 00:00,UC61bxgiYRsBGZ04-x_M8zFw,Past_Ball,7660,3500279,212
2026-09-06 00:00,UCGueqNQmvtQYlGO3UL3Gf3w,udonball,6890,1229692,119
2026-09-06 00:00,UCYs_v0vuLKeCI--nTS1a5Dw,Dezinicht【Æž!フヒフム 海外アカウント】,116000,47147950,254
2026-09-06 00:00,UCfh08MHIzScBQKh5OuG2ofA,Somen ball,164000,61470970,139
2026-09-06 00:00,UCyedH2V27OuhZclf5wfXhlg,Spheria,131000,92354092,68
2026-09-06 00:00,UCfe4nCMqfTwoiMmIGqAolcQ,りょうデス,24000,15246576,892
2026-09-06 06:00,UC0oyndW7j5GS5NIb8ww7cxw,AST.アオスト Polandball,3590,1725446,32
2026-09-06 06:00,UCfJp9c3kSkIjYFevd2G1RKg,くろまめ,15900,15904763,66
2026-09-06 06:00,UCIqROVo0xBJfh5h6cQyPm7Q,日本猫耳版ボール【目標9000人】,12900,3925050,226
2026-09-06 06:00,UC1swbrz9S2VKVABS673ACgQ,áíš!aispoaporu,137000,93217023,1047
2026-09-06 06:00,UC9EPL3fLMARICtvoL6NGMBA,AJ ball,3500,1511314,39
2026-09-06 06:00,UCQySCPjitaeZQqbgcKcofeQ,Dotto edit,9810,7074250,61
2026-09-06 06:00,UCEJRQBqXi3z3UXnHdueIvJg,F丸,33200,28846566,89
2026-09-06 06:00,UCZ-zUkkdNTYAYDgkDyeb_hA,JP-BALL,438000,165790722,128
2026-09-06 06:00,UCa-Pej_sn8Uw_mwXLKZiuIg,Moonball_PB,214000,37476489,32
2026-09-06 06:00,UC4bqMpF49ebuiF4TbJvFmyw,Opera_cb,189000,88497560,142
2026-09-06 06:00,UC61bxgiYRsBGZ04-x_M8zFw,Past_Ball,7660,3500279,212
2026-09-06 06:00,UCGueqNQmvtQYlGO3UL3Gf3w,udonball,6890,1230111,119
2026-09-06 06:00,UCYs_v0vuLKeCI--nTS1a5Dw,Dezinicht【Æž!フヒフム 海外アカウント】,116000,47304717,254
2026-09-06 06:00,UCfh08MHIzScBQKh5OuG2ofA,Somen ball,164000,61494276,139
2026-09-06 06:00,UCyedH2V27OuhZclf5wfXhlg,Spheria,131000,92361027,68
2026-09-06 06:00,UCfe4nCMqfTwoiMmIGqAolcQ,りょうデス,24000,15246932,892
2026-09-06 12:00,UC0oyndW7j5GS5NIb8ww7cxw,AST.アオスト Polandball,3590,1726451,32
2026-09-06 12:00,UCfJp9c3kSkIjYFevd2G1RKg,くろまめ,15900,15907272,66
2026-09-06 12:00,UCIqROVo0xBJfh5h6cQyPm7Q,日本猫耳版ボール【目標9000人】,12900,3925401,226
2026-09-06 12:00,UC1swbrz9S2VKVABS673ACgQ,áíš!aispoaporu,137000,93268972,1047
2026-09-06 12:00,UC9EPL3fLMARICtvoL6NGMBA,AJ ball,3500,1511753,39
2026-09-06 12:00,UCQySCPjitaeZQqbgcKcofeQ,Dotto edit,9820,7120770,61
2026-09-06 12:00,UCEJRQBqXi3z3UXnHdueIvJg,F丸,33200,28846566,89
2026-09-06 12:00,UCZ-zUkkdNTYAYDgkDyeb_hA,JP-BALL,438000,165814044,128
2026-09-06 12:00,UCa-Pej_sn8Uw_mwXLKZiuIg,MOON-BALL,215000,37603668,32
2026-09-06 12:00,UC4bqMpF49ebuiF4TbJvFmyw,Opera_cb,189000,88525438,142
2026-09-06 12:00,UC61bxgiYRsBGZ04-x_M8zFw,Past_Ball,7670,3500279,212
2026-09-06 12:00,UCGueqNQmvtQYlGO3UL3Gf3w,udonball,6890,1230583,119
2026-09-06 12:00,UCYs_v0vuLKeCI--nTS1a5Dw,Dezinicht【Æž!フヒフム 海外アカウント】,116000,47520016,254
2026-09-06 12:00,UCfh08MHIzScBQKh5OuG2ofA,Somen ball,164000,61530570,139
2026-09-06 12:00,UCyedH2V27OuhZclf5wfXhlg,Spheria,131000,92370770,68
2026-09-06 12:00,UCfe4nCMqfTwoiMmIGqAolcQ,りょうデス,24000,15247353,892
2026-09-06 18:00,UC0oyndW7j5GS5NIb8ww7cxw,AST.アオスト Polandball,3590,1726451,32
2026-09-06 18:00,UCfJp9c3kSkIjYFevd2G1RKg,くろまめ,15900,15907272,67
2026-09-06 18:00,UCIqROVo0xBJfh5h6cQyPm7Q,日本猫耳版ボール【目標9000人】,12900,3925401,226
2026-09-06 18:00,UC1swbrz9S2VKVABS673ACgQ,áíš!aispoaporu,137000,93268972,1048
2026-09-06 18:00,UC9EPL3fLMARICtvoL6NGMBA,AJ ball,3500,1511753,39
2026-09-06 18:00,UCQySCPjitaeZQqbgcKcofeQ,Dotto edit,9820,7120770,61
2026-09-06 18:00,UCEJRQBqXi3z3UXnHdueIvJg,F丸,33300,28889613,89
2026-09-06 18:00,UCZ-zUkkdNTYAYDgkDyeb_hA,JP-BALL,438000,165814044,128
2026-09-06 18:00,UCa-Pej_sn8Uw_mwXLKZiuIg,MOON-BALL,215000,37603668,32
2026-09-06 18:00,UC4bqMpF49ebuiF4TbJvFmyw,Opera_cb,189000,88525438,142
2026-09-06 18:00,UC61bxgiYRsBGZ04-x_M8zFw,Past_Ball,7670,3502494,212
2026-09-06 18:00,UCGueqNQmvtQYlGO3UL3Gf3w,udonball,6890,1230583,119
2026-09-06 18:00,UCYs_v0vuLKeCI--nTS1a5Dw,Dezinicht【Æž!フヒフム 海外アカウント】,116000,47520016,254
2026-09-06 18:00,UCfh08MHIzScBQKh5OuG2ofA,Somen ball,164000,61530570,139
2026-09-06 18:00,UCyedH2V27OuhZclf5wfXhlg,Spheria,131000,92370770,68
2026-09-06 18:00,UCfe4nCMqfTwoiMmIGqAolcQ,りょうデス,24000,15247353,892
2026-09-07 00:00,UC0oyndW7j5GS5NIb8ww7cxw,AST.アオスト Polandball,3600,1727384,32
2026-09-07 00:00,UCfJp9c3kSkIjYFevd2G1RKg,くろまめ,15900,15909306,67
2026-09-07 00:00,UCIqROVo0xBJfh5h6cQyPm7Q,日本猫耳版ボール【目標9000人】,12900,3925401,226
2026-09-07 00:00,UC1swbrz9S2VKVABS673ACgQ,áíš!aispoaporu,137000,93268972,1048
2026-09-07 00:00,UC9EPL3fLMARICtvoL6NGMBA,AJ ball,3500,1512010,39
2026-09-07 00:00,UCQySCPjitaeZQqbgcKcofeQ,Dotto edit,9820,7152622,61
2026-09-07 00:00,UCEJRQBqXi3z3UXnHdueIvJg,F丸,33300,28889613,89
2026-09-07 00:00,UCZ-zUkkdNTYAYDgkDyeb_hA,JP-BALL,438000,165829973,128
2026-09-07 00:00,UCa-Pej_sn8Uw_mwXLKZiuIg,MOON-BALL,215000,37677695,33
2026-09-07 00:00,UC4bqMpF49ebuiF4TbJvFmyw,Opera_cb,189000,88543360,142
2026-09-07 00:00,UC61bxgiYRsBGZ04-x_M8zFw,Past_Ball,7680,3502494,213
2026-09-07 00:00,UCGueqNQmvtQYlGO3UL3Gf3w,udonball,6890,1230966,119
2026-09-07 00:00,UCYs_v0vuLKeCI--nTS1a5Dw,Dezinicht【Æž!フヒフム 海外アカウント】,116000,47520016,254
2026-09-07 00:00,UCfh08MHIzScBQKh5OuG2ofA,Somen ball,164000,61530570,139
2026-09-07 00:00,UCyedH2V27OuhZclf5wfXhlg,Spheria,131000,92370770,68
2026-09-07 00:00,UCfe4nCMqfTwoiMmIGqAolcQ,りょうデス,24000,15247353,892
2026-09-07 06:00,UC0oyndW7j5GS5NIb8ww7cxw,AST.アオスト Polandball,3600,1727384,32
2026-09-07 06:00,UCfJp9c3kSkIjYFevd2G1RKg,くろまめ,15900,15909306,67
2026-09-07 06:00,UCIqROVo0xBJfh5h6cQyPm7Q,日本猫耳版ボール【目標9000人】,12900,3925643,226
2026-09-07 06:00,UC1swbrz9S2VKVABS673ACgQ,áíš!aispoaporu,137000,93303694,1048
2026-09-07 06:00,UC9EPL3fLMARICtvoL6NGMBA,AJ ball,3500,1512010,39
2026-09-07 06:00,UCQySCPjitaeZQqbgcKcofeQ,Dotto edit,9830,7152622,61
2026-09-07 06:00,UCEJRQBqXi3z3UXnHdueIvJg,F丸,33300,28935191,89
2026-09-07 06:00,UCZ-zUkkdNTYAYDgkDyeb_hA,JP-BALL,438000,165829973,128
2026-09-07 06:00,UCa-Pej_sn8Uw_mwXLKZiuIg,MOON-BALL,216000,37677695,33
2026-09-07 06:00,UC4bqMpF49ebuiF4TbJvFmyw,Opera_cb,189000,88543360,142
2026-09-07 06:00,UC61bxgiYRsBGZ04-x_M8zFw,Past_Ball,7680,3504056,213
2026-09-07 06:00,UCGueqNQmvtQYlGO3UL3Gf3w,udonball,6890,1230966,119
2026-09-07 06:00,UCYs_v0vuLKeCI--nTS1a5Dw,Dezinicht【Æž!フヒフム 海外アカウント】,116000,47646285,254
2026-09-07 06:00,UCfh08MHIzScBQKh5OuG2ofA,Somen ball,164000,61554273,139
2026-09-07 06:00,UCyedH2V27OuhZclf5wfXhlg,Spheria,131000,92377020,68
2026-09-07 06:00,UCfe4nCMqfTwoiMmIGqAolcQ,りょうデス,24000,15247603,892
2026-09-07 12:00,UC0oyndW7j5GS5NIb8ww7cxw,AST.アオスト Polandball,3600,1727384,32
2026-09-07 12:00,UCfJp9c3kSkIjYFevd2G1RKg,くろまめ,15900,15910441,67
2026-09-07 12:00,UCIqROVo0xBJfh5h6cQyPm7Q,日本猫耳版ボール【目標9000人】,12900,3925899,226
2026-09-07 12:00,UC1swbrz9S2VKVABS673ACgQ,áíš!aispoaporu,137000,93340362,1048
2026-09-07 12:00,UC9EPL3fLMARICtvoL6NGMBA,AJ ball,3500,1512010,39
2026-09-07 12:00,UCQySCPjitaeZQqbgcKcofeQ,Dotto edit,9830,7152622,61
2026-09-07 12:00,UCEJRQBqXi3z3UXnHdueIvJg,F丸,33400,28992916,89
2026-09-07 12:00,UCZ-zUkkdNTYAYDgkDyeb_hA,JP-BALL,438000,165829973,128
2026-09-07 12:00,UCa-Pej_sn8Uw_mwXLKZiuIg,MOON-BALL,216000,37765244,33
2026-09-07 12:00,UC4bqMpF49ebuiF4TbJvFmyw,Opera_cb,189000,88563495,142
2026-09-07 12:00,UC61bxgiYRsBGZ04-x_M8zFw,Past_Ball,7680,3504056,213
2026-09-07 12:00,UCGueqNQmvtQYlGO3UL3Gf3w,udonball,6890,1230966,119
2026-09-07 12:00,UCYs_v0vuLKeCI--nTS1a5Dw,Dezinicht【Æž!フヒフム 海外アカウント】,116000,47777280,254
2026-09-07 12:00,UCfh08MHIzScBQKh5OuG2ofA,Somen ball,164000,61583381,139
2026-09-07 12:00,UCyedH2V27OuhZclf5wfXhlg,Spheria,131000,92384806,68
2026-09-07 12:00,UCfe4nCMqfTwoiMmIGqAolcQ,りょうデス,24000,15247843,892
2026-09-07 18:00,UC0oyndW7j5GS5NIb8ww7cxw,AST.アオスト Polandball,3600,1728146,32
2026-09-07 18:00,UCfJp9c3kSkIjYFevd2G1RKg,くろまめ,15900,15910441,68
2026-09-07 18:00,UCIqROVo0xBJfh5h6cQyPm7Q,日本猫耳版ボール【目標9000人】,12900,3925899,226
2026-09-07 18:00,UC1swbrz9S2VKVABS673ACgQ,áíš!aispoaporu,137000,93340362,1048
2026-09-07 18:00,UC9EPL3fLMARICtvoL6NGMBA,AJ ball,3500,1512281,39
2026-09-07 18:00,UCQySCPjitaeZQqbgcKcofeQ,Dotto edit,9830,7168416,61
2026-09-07 18:00,UCEJRQBqXi3z3UXnHdueIvJg,F丸,33400,28992916,89
2026-09-07 18:00,UCZ-zUkkdNTYAYDgkDyeb_hA,JP-BALL,438000,165845967,128
2026-09-07 18:00,UCa-Pej_sn8Uw_mwXLKZiuIg,MOON-BALL,216000,37765244,33
2026-09-07 18:00,UC4bqMpF49ebuiF4TbJvFmyw,Opera_cb,189000,88563495,142
2026-09-07 18:00,UC61bxgiYRsBGZ04-x_M8zFw,Past_Ball,7680,3505423,213
2026-09-07 18:00,UCGueqNQmvtQYlGO3UL3Gf3w,udonball,6890,1231428,119
2026-09-07 18:00,UCYs_v0vuLKeCI--nTS1a5Dw,Dezinicht【Æž!フヒフム 海外アカウント】,116000,47777280,254
2026-09-07 18:00,UCfh08MHIzScBQKh5OuG2ofA,Somen ball,164000,61583381,139
2026-09-07 18:00,UCyedH2V27OuhZclf5wfXhlg,Spheria,131000,92384806,68
2026-09-07 18:00,UCfe4nCMqfTwoiMmIGqAolcQ,りょうデス,24000,15247843,892
2026-09-08 00:00,UC0oyndW7j5GS5NIb8ww7cxw,AST.アオスト Polandball,3600,1728146,32
2026-09-08 00:00,UCfJp9c3kSkIjYFevd2G1RKg,くろまめ,16000,15910441,68
2026-09-08 00:00,UCIqROVo0xBJfh5h6cQyPm7Q,日本猫耳版ボール【目標9000人】,12900,3925899,226
2026-09-08 00:00,UC1swbrz9S2VKVABS673ACgQ,áíš!aispoaporu,137000,93340362,1048
2026-09-08 00:00,UC9EPL3fLMARICtvoL6NGMBA,AJ ball,3500,1512281,39
2026-09-08 00:00,UCQySCPjitaeZQqbgcKcofeQ,Dotto edit,9850,7168416,62
2026-09-08 00:00,UCEJRQBqXi3z3UXnHdueIvJg,F丸,33400,28992916,89
2026-09-08 00:00,UCZ-zUkkdNTYAYDgkDyeb_hA,JP-BALL,438000,165845967,128
2026-09-08 00:00,UCa-Pej_sn8Uw_mwXLKZiuIg,MOON-BALL,216000,37765244,33
2026-09-08 00:00,UC4bqMpF49ebuiF4TbJvFmyw,Opera_cb,189000,88563495,142
2026-09-08 00:00,UC61bxgiYRsBGZ04-x_M8zFw,Past_Ball,7690,3505423,213
2026-09-08 00:00,UCGueqNQmvtQYlGO3UL3Gf3w,udonball,6890,1231428,119
2026-09-08 00:00,UCYs_v0vuLKeCI--nTS1a5Dw,Dezinicht【Æž!フヒフム 海外アカウント】,117000,47777280,254
2026-09-08 00:00,UCfh08MHIzScBQKh5OuG2ofA,Somen ball,164000,61583381,139
2026-09-08 00:00,UCyedH2V27OuhZclf5wfXhlg,Spheria,131000,92384806,68
2026-09-08 00:00,UCfe4nCMqfTwoiMmIGqAolcQ,りょうデス,24000,15247843,891
2026-09-08 06:00,UC0oyndW7j5GS5NIb8ww7cxw,AST.アオスト Polandball,3600,1728146,32
2026-09-08 06:00,UCfJp9c3kSkIjYFevd2G1RKg,くろまめ,16000,15910441,68
2026-09-08 06:00,UCIqROVo0xBJfh5h6cQyPm7Q,日本猫耳版ボール【目標9000人】,12900,3925899,226
2026-09-08 06:00,UC1swbrz9S2VKVABS673ACgQ,áíš!aispoaporu,137000,93359298,1048
2026-09-08 06:00,UC9EPL3fLMARICtvoL6NGMBA,AJ ball,3500,1512281,39
2026-09-08 06:00,UCQySCPjitaeZQqbgcKcofeQ,Dotto edit,9870,7187115,62
2026-09-08 06:00,UCEJRQBqXi3z3UXnHdueIvJg,F丸,33400,28992916,89
2026-09-08 06:00,UCZ-zUkkdNTYAYDgkDyeb_hA,JP-BALL,438000,165857854,128
2026-09-08 06:00,UCa-Pej_sn8Uw_mwXLKZiuIg,MOON-BALL,217000,37765244,33
2026-09-08 06:00,UC4bqMpF49ebuiF4TbJvFmyw,Opera_cb,189000,88576706,142
2026-09-08 06:00,UC61bxgiYRsBGZ04-x_M8zFw,Past_Ball,7690,3505423,213
2026-09-08 06:00,UCGueqNQmvtQYlGO3UL3Gf3w,udonball,6890,1231428,119
2026-09-08 06:00,UCYs_v0vuLKeCI--nTS1a5Dw,Dezinicht【Æž!フヒフム 海外アカウント】,117000,47777280,254
2026-09-08 06:00,UCfh08MHIzScBQKh5OuG2ofA,Somen ball,164000,61601449,139
2026-09-08 06:00,UCyedH2V27OuhZclf5wfXhlg,Spheria,131000,92389919,68
2026-09-08 06:00,UCfe4nCMqfTwoiMmIGqAolcQ,りょうデス,24000,15247967,891
2026-09-08 12:00,UC0oyndW7j5GS5NIb8ww7cxw,AST.アオスト Polandball,3600,1728638,32
2026-09-08 12:00,UCfJp9c3kSkIjYFevd2G1RKg,くろまめ,16000,15910904,68
2026-09-08 12:00,UCIqROVo0xBJfh5h6cQyPm7Q,日本猫耳版ボール【目標9000人】,12900,3926033,226
2026-09-08 12:00,UC1swbrz9S2VKVABS673ACgQ,áíš!aispoaporu,137000,93359298,1048
2026-09-08 12:00,UC9EPL3fLMARICtvoL6NGMBA,AJ ball,3500,1512539,39
2026-09-08 12:00,UCQySCPjitaeZQqbgcKcofeQ,Dotto edit,9890,7187115,62
2026-09-08 12:00,UCEJRQBqXi3z3UXnHdueIvJg,F丸,33400,29040473,89
2026-09-08 12:00,UCZ-zUkkdNTYAYDgkDyeb_hA,JP-BALL,438000,165857854,128
2026-09-08 12:00,UCa-Pej_sn8Uw_mwXLKZiuIg,MOON-BALL,217000,37884748,33
2026-09-08 12:00,UC4bqMpF49ebuiF4TbJvFmyw,Opera_cb,189000,88576706,142
2026-09-08 12:00,UC61bxgiYRsBGZ04-x_M8zFw,Past_Ball,7690,3505970,213
2026-09-08 12:00,UCGueqNQmvtQYlGO3UL3Gf3w,udonball,6890,1231660,119
2026-09-08 12:00,UCYs_v0vuLKeCI--nTS1a5Dw,Dezinicht【Æž!フヒフム 海外アカウント】,117000,47876284,255
2026-09-08 12:00,UCfh08MHIzScBQKh5OuG2ofA,Somen ball,164000,61601449,139
2026-09-08 12:00,UCyedH2V27OuhZclf5wfXhlg,Spheria,131000,92389919,68
2026-09-08 12:00,UCfe4nCMqfTwoiMmIGqAolcQ,りょうデス,24000,15247967,891
2026-09-08 18:00,UC0oyndW7j5GS5NIb8ww7cxw,AST.アオスト Polandball,3600,1729155,32
2026-09-08 18:00,UCfJp9c3kSkIjYFevd2G1RKg,くろまめ,16100,15912254,69
2026-09-08 18:00,UCIqROVo0xBJfh5h6cQyPm7Q,日本猫耳版ボール【目標9000人】,12900,3926318,226
2026-09-08 18:00,UC1swbrz9S2VKVABS673ACgQ,áíš!aispoaporu,137000,93383103,1049
2026-09-08 18:00,UC9EPL3fLMARICtvoL6NGMBA,AJ ball,3500,1512780,39
2026-09-08 18:00,UCQySCPjitaeZQqbgcKcofeQ,Dotto edit,9900,7212916,62
2026-09-08 18:00,UCEJRQBqXi3z3UXnHdueIvJg,F丸,33400,29058197,89
2026-09-08 18:00,UCZ-zUkkdNTYAYDgkDyeb_hA,JP-BALL,438000,165871733,128
2026-09-08 18:00,UCa-Pej_sn8Uw_mwXLKZiuIg,MOON-BALL,217000,37884748,33
2026-09-08 18:00,UC4bqMpF49ebuiF4TbJvFmyw,Opera_cb,189000,88596859,142
2026-09-08 18:00,UC61bxgiYRsBGZ04-x_M8zFw,Past_Ball,7690,3507359,213
2026-09-08 18:00,UCGueqNQmvtQYlGO3UL3Gf3w,udonball,6890,1231939,119
2026-09-08 18:00,UCYs_v0vuLKeCI--nTS1a5Dw,Dezinicht【Æž!フヒフム 海外アカウント】,117000,48023053,255
2026-09-08 18:00,UCfh08MHIzScBQKh5OuG2ofA,Somen ball,164000,61626259,139
2026-09-08 18:00,UCyedH2V27OuhZclf5wfXhlg,Spheria,131000,92397620,68
2026-09-08 18:00,UCfe4nCMqfTwoiMmIGqAolcQ,りょうデス,24000,15248236,891
2026-09-09 00:00,UC0oyndW7j5GS5NIb8ww7cxw,AST.アオスト Polandball,3600,1729528,32
2026-09-09 00:00,UCfJp9c3kSkIjYFevd2G1RKg,くろまめ,16100,15912764,69
2026-09-09 00:00,UCIqROVo0xBJfh5h6cQyPm7Q,日本猫耳版ボール【目標9000人】,12900,3926488,226
2026-09-09 00:00,UC1swbrz9S2VKVABS673ACgQ,áíš!aispoaporu,137000,93383103,1049
2026-09-09 00:00,UC9EPL3fLMARICtvoL6NGMBA,AJ ball,3500,1512780,39
2026-09-09 00:00,UCQySCPjitaeZQqbgcKcofeQ,Dotto edit,9980,7212916,62
2026-09-09 00:00,UCEJRQBqXi3z3UXnHdueIvJg,F丸,33400,29068857,89
2026-09-09 00:00,UCZ-zUkkdNTYAYDgkDyeb_hA,JP-BALL,438000,165871733,128
2026-09-09 00:00,UCa-Pej_sn8Uw_mwXLKZiuIg,MOON-BALL,217000,37919178,33
2026-09-09 00:00,UC4bqMpF49ebuiF4TbJvFmyw,Opera_cb,189000,88596859,142
2026-09-09 00:00,UC61bxgiYRsBGZ04-x_M8zFw,Past_Ball,7690,3507359,213
2026-09-09 00:00,UCGueqNQmvtQYlGO3UL3Gf3w,udonball,6890,1231939,119
2026-09-09 00:00,UCYs_v0vuLKeCI--nTS1a5Dw,Dezinicht【Æž!フヒフム 海外アカウント】,117000,48023053,255
2026-09-09 00:00,UCfh08MHIzScBQKh5OuG2ofA,Somen ball,164000,61626259,139
2026-09-09 00:00,UCyedH2V27OuhZclf5wfXhlg,Spheria,131000,92397620,68
2026-09-09 00:00,UCfe4nCMqfTwoiMmIGqAolcQ,りょうデス,24000,15248349,891
2026-09-09 06:00,UC0oyndW7j5GS5NIb8ww7cxw,AST.アオスト Polandball,3600,1729528,32
2026-09-09 06:00,UCfJp9c3kSkIjYFevd2G1RKg,くろまめ,16100,15912764,69
2026-09-09 06:00,UCIqROVo0xBJfh5h6cQyPm7Q,日本猫耳版ボール【目標9000人】,12900,3926488,226
2026-09-09 06:00,UC1swbrz9S2VKVABS673ACgQ,áíš!aispoaporu,137000,93393692,1049
2026-09-09 06:00,UC9EPL3fLMARICtvoL6NGMBA,AJ ball,3500,1513009,39
2026-09-09 06:00,UCQySCPjitaeZQqbgcKcofeQ,Dotto edit,10100,7232028,62
2026-09-09 06:00,UCEJRQBqXi3z3UXnHdueIvJg,F丸,33400,29068857,89
2026-09-09 06:00,UCZ-zUkkdNTYAYDgkDyeb_hA,JP-BALL,438000,165881874,128
2026-09-09 06:00,UCa-Pej_sn8Uw_mwXLKZiuIg,MOON-BALL,217000,37919178,33
2026-09-09 06:00,UC4bqMpF49ebuiF4TbJvFmyw,Opera_cb,189000,88607639,142
2026-09-09 06:00,UC61bxgiYRsBGZ04-x_M8zFw,Past_Ball,7690,3507359,213
2026-09-09 06:00,UCGueqNQmvtQYlGO3UL3Gf3w,udonball,6890,1232103,119
2026-09-09 06:00,UCYs_v0vuLKeCI--nTS1a5Dw,Dezinicht【Æž!フヒフム 海外アカウント】,117000,48117354,255
2026-09-09 06:00,UCfh08MHIzScBQKh5OuG2ofA,Somen ball,164000,61640920,139
2026-09-09 06:00,UCyedH2V27OuhZclf5wfXhlg,Spheria,131000,92402087,68
2026-09-09 06:00,UCfe4nCMqfTwoiMmIGqAolcQ,りょうデス,24000,15248349,891
2026-09-09 12:00,UC0oyndW7j5GS5NIb8ww7cxw,AST.アオスト Polandball,3600,1729528,32
2026-09-09 12:00,UCfJp9c3kSkIjYFevd2G1RKg,くろまめ,16100,15912764,69
2026-09-09 12:00,UCIqROVo0xBJfh5h6cQyPm7Q,日本猫耳版ボール【目標9000人】,12900,3926488,226
2026-09-09 12:00,UC1swbrz9S2VKVABS673ACgQ,áíš!aispoaporu,137000,93393692,1049
2026-09-09 12:00,UC9EPL3fLMARICtvoL6NGMBA,AJ ball,3510,1513009,39
2026-09-09 12:00,UCQySCPjitaeZQqbgcKcofeQ,Dotto edit,10200,7232028,62
2026-09-09 12:00,UCEJRQBqXi3z3UXnHdueIvJg,F丸,33500,29068857,89
2026-09-09 12:00,UCZ-zUkkdNTYAYDgkDyeb_hA,JP-BALL,438000,165881874,128
2026-09-09 12:00,UCa-Pej_sn8Uw_mwXLKZiuIg,MOON-BALL,217000,37919178,33
2026-09-09 12:00,UC4bqMpF49ebuiF4TbJvFmyw,Opera_cb,189000,88607639,142
2026-09-09 12:00,UC61bxgiYRsBGZ04-x_M8zFw,Past_Ball,7690,3507974,213
2026-09-09 12:00,UCGueqNQmvtQYlGO3UL3Gf3w,udonball,6890,1232103,119
2026-09-09 12:00,UCYs_v0vuLKeCI--nTS1a5Dw,Dezinicht【Æž!フヒフム 海外アカウント】,117000,48117354,255
2026-09-09 12:00,UCfh08MHIzScBQKh5OuG2ofA,Somen ball,164000,61640920,139
2026-09-09 12:00,UCyedH2V27OuhZclf5wfXhlg,Spheria,131000,92402087,68
2026-09-09 12:00,UCfe4nCMqfTwoiMmIGqAolcQ,りょうデス,24000,15248349,891
2026-09-09 18:00,UC0oyndW7j5GS5NIb8ww7cxw,AST.アオスト Polandball,3600,1729528,32
2026-09-09 18:00,UCfJp9c3kSkIjYFevd2G1RKg,くろまめ,16100,15912764,70
2026-09-09 18:00,UCIqROVo0xBJfh5h6cQyPm7Q,日本猫耳版ボール【目標9000人】,12900,3926488,226
2026-09-09 18:00,UC1swbrz9S2VKVABS673ACgQ,áíš!aispoaporu,137000,93393692,1049
2026-09-09 18:00,UC9EPL3fLMARICtvoL6NGMBA,AJ ball,3500,1513009,39
2026-09-09 18:00,UCQySCPjitaeZQqbgcKcofeQ,Dotto edit,10200,7232028,62
2026-09-09 18:00,UCEJRQBqXi3z3UXnHdueIvJg,F丸,33500,29068857,89
2026-09-09 18:00,UCZ-zUkkdNTYAYDgkDyeb_hA,JP-BALL,438000,165881874,128
2026-09-09 18:00,UCa-Pej_sn8Uw_mwXLKZiuIg,MOON-BALL,218000,37919178,33
2026-09-09 18:00,UC4bqMpF49ebuiF4TbJvFmyw,Opera_cb,189000,88607639,142
2026-09-09 18:00,UC61bxgiYRsBGZ04-x_M8zFw,Past_Ball,7700,3507974,213
2026-09-09 18:00,UCGueqNQmvtQYlGO3UL3Gf3w,udonball,6890,1232103,119
2026-09-09 18:00,UCYs_v0vuLKeCI--nTS1a5Dw,Dezinicht【Æž!フヒフム 海外アカウント】,117000,48117354,255
2026-09-09 18:00,UCfh08MHIzScBQKh5OuG2ofA,Somen ball,164000,61640920,139
2026-09-09 18:00,UCyedH2V27OuhZclf5wfXhlg,Spheria,131000,92402087,68
2026-09-09 18:00,UCfe4nCMqfTwoiMmIGqAolcQ,りょうデス,24000,15248349,891
2026-09-10 00:00,UC0oyndW7j5GS5NIb8ww7cxw,AST.アオスト Polandball,3600,1729528,32
2026-09-10 00:00,UCfJp9c3kSkIjYFevd2G1RKg,くろまめ,16100,15912764,70
2026-09-10 00:00,UCIqROVo0xBJfh5h6cQyPm7Q,日本猫耳版ボール【目標9000人】,12900,3926488,226
2026-09-10 00:00,UC1swbrz9S2VKVABS673ACgQ,áíš!aispoaporu,137000,93393692,1049
2026-09-10 00:00,UC9EPL3fLMARICtvoL6NGMBA,AJ ball,3500,1513009,39
2026-09-10 00:00,UCQySCPjitaeZQqbgcKcofeQ,Dotto edit,10200,7232028,62
2026-09-10 00:00,UCEJRQBqXi3z3UXnHdueIvJg,F丸,33500,29068857,89
2026-09-10 00:00,UCZ-zUkkdNTYAYDgkDyeb_hA,JP-BALL,438000,165881874,128
2026-09-10 00:00,UCa-Pej_sn8Uw_mwXLKZiuIg,MOON-BALL,218000,37919178,33
2026-09-10 00:00,UC4bqMpF49ebuiF4TbJvFmyw,Opera_cb,190000,88607639,142
2026-09-10 00:00,UC61bxgiYRsBGZ04-x_M8zFw,Past_Ball,7700,3507974,213
2026-09-10 00:00,UCGueqNQmvtQYlGO3UL3Gf3w,udonball,6890,1232103,119
2026-09-10 00:00,UCYs_v0vuLKeCI--nTS1a5Dw,Dezinicht【Æž!フヒフム 海外アカウント】,117000,48117354,255
2026-09-10 00:00,UCfh08MHIzScBQKh5OuG2ofA,Somen ball,164000,61640920,139
2026-09-10 00:00,UCyedH2V27OuhZclf5wfXhlg,Spheria,131000,92402087,68
2026-09-10 00:00,UCfe4nCMqfTwoiMmIGqAolcQ,りょうデス,24000,15248349,891
2026-09-10 06:00,UC0oyndW7j5GS5NIb8ww7cxw,AST.アオスト Polandball,3600,1729528,32
2026-09-10 06:00,UCfJp9c3kSkIjYFevd2G1RKg,くろまめ,16100,15912764,70
2026-09-10 06:00,UCIqROVo0xBJfh5h6cQyPm7Q,日本猫耳版ボール【目標9000人】,12900,3926488,226
2026-09-10 06:00,UC1swbrz9S2VKVABS673ACgQ,áíš!aispoaporu,137000,93393692,1049
2026-09-10 06:00,UC9EPL3fLMARICtvoL6NGMBA,AJ ball,3500,1513009,39
2026-09-10 06:00,UCQySCPjitaeZQqbgcKcofeQ,Dotto edit,10300,7424838,62
2026-09-10 06:00,UCEJRQBqXi3z3UXnHdueIvJg,F丸,33500,29288599,89
2026-09-10 06:00,UCZ-zUkkdNTYAYDgkDyeb_hA,JP-BALL,438000,165881874,128
2026-09-10 06:00,UCa-Pej_sn8Uw_mwXLKZiuIg,MOON-BALL,218000,37919178,33
2026-09-10 06:00,UC4bqMpF49ebuiF4TbJvFmyw,Opera_cb,190000,88607639,142
2026-09-10 06:00,UC61bxgiYRsBGZ04-x_M8zFw,Past_Ball,7700,3507974,213
2026-09-10 06:00,UCGueqNQmvtQYlGO3UL3Gf3w,udonball,6890,1232103,119
2026-09-10 06:00,UCYs_v0vuLKeCI--nTS1a5Dw,Dezinicht【Æž!フヒフム 海外アカウント】,117000,48354035,255
2026-09-10 06:00,UCfh08MHIzScBQKh5OuG2ofA,Somen ball,164000,61640920,139
2026-09-10 06:00,UCyedH2V27OuhZclf5wfXhlg,Spheria,131000,92402087,68
2026-09-10 06:00,UCfe4nCMqfTwoiMmIGqAolcQ,りょうデス,24000,15247055,891
2026-09-10 12:00,UC0oyndW7j5GS5NIb8ww7cxw,AST.アオスト Polandball,3600,1744277,32
2026-09-10 12:00,UCfJp9c3kSkIjYFevd2G1RKg,くろまめ,16100,15912764,70
2026-09-10 12:00,UCIqROVo0xBJfh5h6cQyPm7Q,日本猫耳版ボール【目標9000人】,12900,3926853,226
2026-09-10 12:00,UC1swbrz9S2VKVABS673ACgQ,áíš!aispoaporu,137000,93393692,1049
2026-09-10 12:00,UC9EPL3fLMARICtvoL6NGMBA,AJ ball,3510,1517617,39
2026-09-10 12:00,UCQySCPjitaeZQqbgcKcofeQ,Dotto edit,10400,7424838,62
2026-09-10 12:00,UCEJRQBqXi3z3UXnHdueIvJg,F丸,33500,29288599,89
2026-09-10 12:00,UCZ-zUkkdNTYAYDgkDyeb_hA,JP-BALL,438000,165905626,128
2026-09-10 12:00,UCa-Pej_sn8Uw_mwXLKZiuIg,MOON-BALL,218000,38715085,33
2026-09-10 12:00,UC4bqMpF49ebuiF4TbJvFmyw,Opera_cb,190000,88641205,142
2026-09-10 12:00,UC61bxgiYRsBGZ04-x_M8zFw,Past_Ball,7700,3516476,213
2026-09-10 12:00,UCGueqNQmvtQYlGO3UL3Gf3w,udonball,6890,1232103,119
2026-09-10 12:00,UCYs_v0vuLKeCI--nTS1a5Dw,Dezinicht【Æž!フヒフム 海外アカウント】,117000,48354035,255
2026-09-10 12:00,UCfh08MHIzScBQKh5OuG2ofA,Somen ball,164000,61676422,139
2026-09-10 12:00,UCyedH2V27OuhZclf5wfXhlg,Spheria,131000,92402087,68
2026-09-10 12:00,UCfe4nCMqfTwoiMmIGqAolcQ,りょうデス,24000,15247055,891
2026-09-10 18:00,UC0oyndW7j5GS5NIb8ww7cxw,AST.アオスト Polandball,3600,1745056,32
2026-09-10 18:00,UCfJp9c3kSkIjYFevd2G1RKg,くろまめ,16200,15967141,70
2026-09-10 18:00,UCIqROVo0xBJfh5h6cQyPm7Q,日本猫耳版ボール【目標9000人】,12900,3927088,226
2026-09-10 18:00,UC1swbrz9S2VKVABS673ACgQ,áíš!aispoaporu,137000,94002644,1050
2026-09-10 18:00,UC9EPL3fLMARICtvoL6NGMBA,AJ ball,3510,1517819,39
2026-09-10 18:00,UCQySCPjitaeZQqbgcKcofeQ,Dotto edit,10400,7461731,62
2026-09-10 18:00,UCEJRQBqXi3z3UXnHdueIvJg,F丸,33500,29297413,89
2026-09-10 18:00,UCZ-zUkkdNTYAYDgkDyeb_hA,JP-BALL,438000,165918032,128
2026-09-10 18:00,UCa-Pej_sn8Uw_mwXLKZiuIg,MOON-BALL,218000,38762463,33
2026-09-10 18:00,UC4bqMpF49ebuiF4TbJvFmyw,Opera_cb,190000,88659095,142
2026-09-10 18:00,UC61bxgiYRsBGZ04-x_M8zFw,Past_Ball,7700,3517519,213
2026-09-10 18:00,UCGueqNQmvtQYlGO3UL3Gf3w,udonball,6890,1232931,119
2026-09-10 18:00,UCYs_v0vuLKeCI--nTS1a5Dw,Dezinicht【Æž!フヒフム 海外アカウント】,117000,48435061,255
2026-09-10 18:00,UCfh08MHIzScBQKh5OuG2ofA,Somen ball,164000,61696597,139
2026-09-10 18:00,UCyedH2V27OuhZclf5wfXhlg,Spheria,131000,92422451,68
2026-09-10 18:00,UCfe4nCMqfTwoiMmIGqAolcQ,りょうデス,24000,15247562,891
2026-09-11 00:00,UC0oyndW7j5GS5NIb8ww7cxw,AST.アオスト Polandball,3600,1745056,32
2026-09-11 00:00,UCfJp9c3kSkIjYFevd2G1RKg,くろまめ,16200,15967141,71
2026-09-11 00:00,UCIqROVo0xBJfh5h6cQyPm7Q,日本猫耳版ボール【目標9000人】,12900,3927088,226
2026-09-11 00:00,UC1swbrz9S2VKVABS673ACgQ,áíš!aispoaporu,137000,94002644,1050
2026-09-11 00:00,UC9EPL3fLMARICtvoL6NGMBA,AJ ball,3510,1517819,39
2026-09-11 00:00,UCQySCPjitaeZQqbgcKcofeQ,Dotto edit,10600,7461731,62
2026-09-11 00:00,UCEJRQBqXi3z3UXnHdueIvJg,F丸,33500,29297413,89
2026-09-11 00:00,UCZ-zUkkdNTYAYDgkDyeb_hA,JP-BALL,438000,165918032,128
2026-09-11 00:00,UCa-Pej_sn8Uw_mwXLKZiuIg,MOON-BALL,218000,38762463,33
2026-09-11 00:00,UC4bqMpF49ebuiF4TbJvFmyw,Opera_cb,190000,88659095,142
2026-09-11 00:00,UC61bxgiYRsBGZ04-x_M8zFw,Past_Ball,7700,3517519,213
2026-09-11 00:00,UCGueqNQmvtQYlGO3UL3Gf3w,udonball,6890,1232931,119
2026-09-11 00:00,UCYs_v0vuLKeCI--nTS1a5Dw,Dezinicht【Æž!フヒフム 海外アカウント】,118000,48435061,255
2026-09-11 00:00,UCfh08MHIzScBQKh5OuG2ofA,Somen ball,164000,61696597,139
2026-09-11 00:00,UCyedH2V27OuhZclf5wfXhlg,Spheria,131000,92422451,68
2026-09-11 00:00,UCfe4nCMqfTwoiMmIGqAolcQ,りょうデス,24000,15247562,891
2026-09-11 06:00,UC0oyndW7j5GS5NIb8ww7cxw,AST.アオスト Polandball,3600,1745353,32
2026-09-11 06:00,UCfJp9c3kSkIjYFevd2G1RKg,くろまめ,16200,15971683,71
2026-09-11 06:00,UCIqROVo0xBJfh5h6cQyPm7Q,日本猫耳版ボール【目標9000人】,12900,3927206,226
2026-09-11 06:00,UC1swbrz9S2VKVABS673ACgQ,áíš!aispoaporu,137000,94114060,1050
2026-09-11 06:00,UC9EPL3fLMARICtvoL6NGMBA,AJ ball,3510,1517973,39
2026-09-11 06:00,UCQySCPjitaeZQqbgcKcofeQ,Dotto edit,10700,7542518,62
2026-09-11 06:00,UCEJRQBqXi3z3UXnHdueIvJg,F丸,33500,29318445,89
2026-09-11 06:00,UCZ-zUkkdNTYAYDgkDyeb_hA,JP-BALL,438000,165928751,128
2026-09-11 06:00,UCa-Pej_sn8Uw_mwXLKZiuIg,MOON-BALL,218000,38817291,33
2026-09-11 06:00,UC4bqMpF49ebuiF4TbJvFmyw,Opera_cb,190000,88671351,142
2026-09-11 06:00,UC61bxgiYRsBGZ04-x_M8zFw,Past_Ball,7700,3518182,213
2026-09-11 06:00,UCGueqNQmvtQYlGO3UL3Gf3w,udonball,6890,1233167,119
2026-09-11 06:00,UCYs_v0vuLKeCI--nTS1a5Dw,Dezinicht【Æž!フヒフム 海外アカウント】,118000,48512652,255
2026-09-11 06:00,UCfh08MHIzScBQKh5OuG2ofA,Somen ball,164000,61712040,139
2026-09-11 06:00,UCyedH2V27OuhZclf5wfXhlg,Spheria,131000,92427942,68
2026-09-11 06:00,UCfe4nCMqfTwoiMmIGqAolcQ,りょうデス,24000,15247651,891
2026-09-11 12:00,UC0oyndW7j5GS5NIb8ww7cxw,AST.アオスト Polandball,3600,1745353,32
2026-09-11 12:00,UCfJp9c3kSkIjYFevd2G1RKg,くろまめ,16200,15971683,71
2026-09-11 12:00,UCIqROVo0xBJfh5h6cQyPm7Q,日本猫耳版ボール【目標9000人】,12900,3927206,226
2026-09-11 12:00,UC1swbrz9S2VKVABS673ACgQ,áíš!aispoaporu,137000,94114060,1050
2026-09-11 12:00,UC9EPL3fLMARICtvoL6NGMBA,AJ ball,3510,1517973,39
2026-09-11 12:00,UCQySCPjitaeZQqbgcKcofeQ,Dotto edit,10900,7542518,62
2026-09-11 12:00,UCEJRQBqXi3z3UXnHdueIvJg,F丸,33500,29318445,89
2026-09-11 12:00,UCZ-zUkkdNTYAYDgkDyeb_hA,JP-BALL,438000,165928751,128
2026-09-11 12:00,UCa-Pej_sn8Uw_mwXLKZiuIg,MOON-BALL,218000,38817291,33
2026-09-11 12:00,UC4bqMpF49ebuiF4TbJvFmyw,Opera_cb,190000,88671351,142
2026-09-11 12:00,UC61bxgiYRsBGZ04-x_M8zFw,Past_Ball,7710,3518182,213
2026-09-11 12:00,UCGueqNQmvtQYlGO3UL3Gf3w,udonball,6890,1233167,119
2026-09-11 12:00,UCYs_v0vuLKeCI--nTS1a5Dw,Dezinicht【Æž!フヒフム 海外アカウント】,118000,48512652,255
2026-09-11 12:00,UCfh08MHIzScBQKh5OuG2ofA,Somen ball,164000,61712040,139
2026-09-11 12:00,UCyedH2V27OuhZclf5wfXhlg,Spheria,131000,92427942,68
2026-09-11 12:00,UCfe4nCMqfTwoiMmIGqAolcQ,りょうデス,24000,15247651,891
2026-09-11 18:00,UC0oyndW7j5GS5NIb8ww7cxw,AST.アオスト Polandball,3610,1745780,32
2026-09-11 18:00,UCfJp9c3kSkIjYFevd2G1RKg,くろまめ,16200,15975248,72
2026-09-11 18:00,UCIqROVo0xBJfh5h6cQyPm7Q,日本猫耳版ボール【目標9000人】,12900,3927466,226
2026-09-11 18:00,UC1swbrz9S2VKVABS673ACgQ,áíš!aispoaporu,137000,94174367,1050
2026-09-11 18:00,UC9EPL3fLMARICtvoL6NGMBA,AJ ball,3510,1518294,39
2026-09-11 18:00,UCQySCPjitaeZQqbgcKcofeQ,Dotto edit,10900,7615758,62
2026-09-11 18:00,UCEJRQBqXi3z3UXnHdueIvJg,F丸,33500,29333388,89
2026-09-11 18:00,UCZ-zUkkdNTYAYDgkDyeb_hA,JP-BALL,438000,165943088,128
2026-09-11 18:00,UCa-Pej_sn8Uw_mwXLKZiuIg,MOON-BALL,219000,38903314,33
2026-09-11 18:00,UC4bqMpF49ebuiF4TbJvFmyw,Opera_cb,190000,88690872,142
2026-09-11 18:00,UC61bxgiYRsBGZ04-x_M8zFw,Past_Ball,7710,3519478,213
2026-09-11 18:00,UCGueqNQmvtQYlGO3UL3Gf3w,udonball,6900,1233491,119
2026-09-11 18:00,UCYs_v0vuLKeCI--nTS1a5Dw,Dezinicht【Æž!フヒフム 海外アカウント】,118000,48619521,255
2026-09-11 18:00,UCfh08MHIzScBQKh5OuG2ofA,Somen ball,164000,61735928,139
2026-09-11 18:00,UCyedH2V27OuhZclf5wfXhlg,Spheria,131000,92440493,68
2026-09-11 18:00,UCfe4nCMqfTwoiMmIGqAolcQ,りょうデス,24000,15248023,891
2026-09-12 00:00,UC0oyndW7j5GS5NIb8ww7cxw,AST.アオスト Polandball,3610,1745780,32
2026-09-12 00:00,UCfJp9c3kSkIjYFevd2G1RKg,くろまめ,16200,15976866,72
2026-09-12 00:00,UCIqROVo0xBJfh5h6cQyPm7Q,日本猫耳版ボール【目標9000人】,12900,3927466,226
2026-09-12 00:00,UC1swbrz9S2VKVABS673ACgQ,áíš!aispoaporu,137000,94174367,1050
2026-09-12 00:00,UC9EPL3fLMARICtvoL6NGMBA,AJ ball,3510,1518527,39
2026-09-12 00:00,UCQySCPjitaeZQqbgcKcofeQ,Dotto edit,11000,7763008,62
2026-09-12 00:00,UCEJRQBqXi3z3UXnHdueIvJg,F丸,33500,29333388,89
2026-09-12 00:00,UCZ-zUkkdNTYAYDgkDyeb_hA,JP-BALL,438000,165955075,128
2026-09-12 00:00,UCa-Pej_sn8Uw_mwXLKZiuIg,MOON-BALL,219000,38969785,33
2026-09-12 00:00,UC4bqMpF49ebuiF4TbJvFmyw,Opera_cb,190000,88690872,141
2026-09-12 00:00,UC61bxgiYRsBGZ04-x_M8zFw,Past_Ball,7710,3519478,213
2026-09-12 00:00,UCGueqNQmvtQYlGO3UL3Gf3w,udonball,6900,1233491,119
2026-09-12 00:00,UCYs_v0vuLKeCI--nTS1a5Dw,Dezinicht【Æž!フヒフム 海外アカウント】,118000,48619521,255
2026-09-12 00:00,UCfh08MHIzScBQKh5OuG2ofA,Somen ball,164000,61735928,140
2026-09-12 00:00,UCyedH2V27OuhZclf5wfXhlg,Spheria,131000,92440493,68
2026-09-12 00:00,UCfe4nCMqfTwoiMmIGqAolcQ,りょうデス,24000,15248023,891
2026-09-12 06:00,UC0oyndW7j5GS5NIb8ww7cxw,AST.アオスト Polandball,3610,1746124,32
2026-09-12 06:00,UCfJp9c3kSkIjYFevd2G1RKg,くろまめ,16200,15976866,72
2026-09-12 06:00,UCIqROVo0xBJfh5h6cQyPm7Q,日本猫耳版ボール【目標9000人】,12900,3927587,226
2026-09-12 06:00,UC1swbrz9S2VKVABS673ACgQ,áíš!aispoaporu,137000,94222041,1050
2026-09-12 06:00,UC9EPL3fLMARICtvoL6NGMBA,AJ ball,3510,1518527,39
2026-09-12 06:00,UCQySCPjitaeZQqbgcKcofeQ,Dotto edit,11200,7763008,62
2026-09-12 06:00,UCEJRQBqXi3z3UXnHdueIvJg,F丸,33500,29358917,89
2026-09-12 06:00,UCZ-zUkkdNTYAYDgkDyeb_hA,JP-BALL,438000,165955075,128
2026-09-12 06:00,UCa-Pej_sn8Uw_mwXLKZiuIg,MOON-BALL,219000,38969785,33
2026-09-12 06:00,UC4bqMpF49ebuiF4TbJvFmyw,Opera_cb,190000,88705397,141
2026-09-12 06:00,UC61bxgiYRsBGZ04-x_M8zFw,Past_Ball,7710,3520127,213
2026-09-12 06:00,UCGueqNQmvtQYlGO3UL3Gf3w,udonball,6900,1233735,119
2026-09-12 06:00,UCYs_v0vuLKeCI--nTS1a5Dw,Dezinicht【Æž!フヒフム 海外アカウント】,118000,48726923,255
2026-09-12 06:00,UCfh08MHIzScBQKh5OuG2ofA,Somen ball,164000,61756268,140
2026-09-12 06:00,UCyedH2V27OuhZclf5wfXhlg,Spheria,131000,92451468,68
2026-09-12 06:00,UCfe4nCMqfTwoiMmIGqAolcQ,りょうデス,24000,15248003,891
2026-09-12 12:00,UC0oyndW7j5GS5NIb8ww7cxw,AST.アオスト Polandball,3610,1746614,32
2026-09-12 12:00,UCfJp9c3kSkIjYFevd2G1RKg,くろまめ,16200,15982260,72
2026-09-12 12:00,UCIqROVo0xBJfh5h6cQyPm7Q,日本猫耳版ボール【目標9000人】,12900,3927587,226
2026-09-12 12:00,UC1swbrz9S2VKVABS673ACgQ,áíš!aispoaporu,137000,94222041,1050
2026-09-12 12:00,UC9EPL3fLMARICtvoL6NGMBA,AJ ball,3510,1518527,39
2026-09-12 12:00,UCQySCPjitaeZQqbgcKcofeQ,Dotto edit,11300,7763008,62
2026-09-12 12:00,UCEJRQBqXi3z3UXnHdueIvJg,F丸,33500,29358917,89
2026-09-12 12:00,UCZ-zUkkdNTYAYDgkDyeb_hA,JP-BALL,438000,165967893,128
2026-09-12 12:00,UCa-Pej_sn8Uw_mwXLKZiuIg,MOON-BALL,219000,38969785,33
2026-09-12 12:00,UC4bqMpF49ebuiF4TbJvFmyw,Opera_cb,190000,87587014,141
2026-09-12 12:00,UC61bxgiYRsBGZ04-x_M8zFw,Past_Ball,7720,3521402,213
2026-09-12 12:00,UCGueqNQmvtQYlGO3UL3Gf3w,udonball,6900,1233735,119
2026-09-12 12:00,UCYs_v0vuLKeCI--nTS1a5Dw,Dezinicht【Æž!フヒフム 海外アカウント】,118000,48818538,256
2026-09-12 12:00,UCfh08MHIzScBQKh5OuG2ofA,Somen ball,164000,61786259,140
2026-09-12 12:00,UCyedH2V27OuhZclf5wfXhlg,Spheria,131000,92460949,68
2026-09-12 12:00,UCfe4nCMqfTwoiMmIGqAolcQ,りょうデス,24000,15248324,891
2026-09-12 18:00,UC0oyndW7j5GS5NIb8ww7cxw,AST.アオスト Polandball,3610,1746614,32
2026-09-12 18:00,UCfJp9c3kSkIjYFevd2G1RKg,くろまめ,16200,15982260,73
2026-09-12 18:00,UCIqROVo0xBJfh5h6cQyPm7Q,日本猫耳版ボール【目標9000人】,12900,3927798,226
2026-09-12 18:00,UC1swbrz9S2VKVABS673ACgQ,áíš!aispoaporu,137000,94266713,1051
2026-09-12 18:00,UC9EPL3fLMARICtvoL6NGMBA,AJ ball,3510,1518794,39
2026-09-12 18:00,UCQySCPjitaeZQqbgcKcofeQ,Dotto edit,11300,7874083,62
2026-09-12 18:00,UCEJRQBqXi3z3UXnHdueIvJg,F丸,33600,29385520,89
2026-09-12 18:00,UCZ-zUkkdNTYAYDgkDyeb_hA,JP-BALL,439000,165967893,128
2026-09-12 18:00,UCa-Pej_sn8Uw_mwXLKZiuIg,MOON-BALL,219000,39024758,33
2026-09-12 18:00,UC4bqMpF49ebuiF4TbJvFmyw,Opera_cb,190000,87587014,141
2026-09-12 18:00,UC61bxgiYRsBGZ04-x_M8zFw,Past_Ball,7720,3521402,213
2026-09-12 18:00,UCGueqNQmvtQYlGO3UL3Gf3w,udonball,6900,1234015,119
2026-09-12 18:00,UCYs_v0vuLKeCI--nTS1a5Dw,Dezinicht【Æž!フヒフム 海外アカウント】,118000,48818538,256
2026-09-12 18:00,UCfh08MHIzScBQKh5OuG2ofA,Somen ball,164000,61786259,140
2026-09-12 18:00,UCyedH2V27OuhZclf5wfXhlg,Spheria,131000,92460949,68
2026-09-12 18:00,UCfe4nCMqfTwoiMmIGqAolcQ,りょうデス,24000,15248324,891
2026-09-13 00:00,UC0oyndW7j5GS5NIb8ww7cxw,AST.アオスト Polandball,3620,1747170,32
2026-09-13 00:00,UCfJp9c3kSkIjYFevd2G1RKg,くろまめ,16200,15982260,73
2026-09-13 00:00,UCIqROVo0xBJfh5h6cQyPm7Q,日本猫耳版ボール【目標9000人】,12900,3927798,226
2026-09-13 00:00,UC1swbrz9S2VKVABS673ACgQ,áíš!aispoaporu,137000,94266713,1051
2026-09-13 00:00,UC9EPL3fLMARICtvoL6NGMBA,AJ ball,3510,1519187,39
2026-09-13 00:00,UCQySCPjitaeZQqbgcKcofeQ,Dotto edit,11400,7999761,62
2026-09-13 00:00,UCEJRQBqXi3z3UXnHdueIvJg,F丸,33600,29385520,89
2026-09-13 00:00,UCZ-zUkkdNTYAYDgkDyeb_hA,JP-BALL,439000,165967893,128
2026-09-13 00:00,UCa-Pej_sn8Uw_mwXLKZiuIg,MOON-BALL,219000,39119696,33
2026-09-13 00:00,UC4bqMpF49ebuiF4TbJvFmyw,Opera_cb,190000,87587014,141
2026-09-13 00:00,UC61bxgiYRsBGZ04-x_M8zFw,Past_Ball,7720,3523286,213
2026-09-13 00:00,UCGueqNQmvtQYlGO3UL3Gf3w,udonball,6900,1234015,119
2026-09-13 00:00,UCYs_v0vuLKeCI--nTS1a5Dw,Dezinicht【Æž!フヒフム 海外アカウント】,118000,48818538,256
2026-09-13 00:00,UCfh08MHIzScBQKh5OuG2ofA,Somen ball,164000,61786259,140
2026-09-13 00:00,UCyedH2V27OuhZclf5wfXhlg,Spheria,131000,92460949,68
2026-09-13 00:00,UCfe4nCMqfTwoiMmIGqAolcQ,りょうデス,24000,15248324,891
2026-09-13 06:00,UC0oyndW7j5GS5NIb8ww7cxw,AST.アオスト Polandball,3620,1747170,32
2026-09-13 06:00,UCfJp9c3kSkIjYFevd2G1RKg,くろまめ,16200,15986707,73
2026-09-13 06:00,UCIqROVo0xBJfh5h6cQyPm7Q,日本猫耳版ボール【目標9000人】,12900,3928126,226
2026-09-13 06:00,UC1swbrz9S2VKVABS673ACgQ,áíš!aispoaporu,138000,94309914,1051
2026-09-13 06:00,UC9EPL3fLMARICtvoL6NGMBA,AJ ball,3510,1519187,39
2026-09-13 06:00,UCQySCPjitaeZQqbgcKcofeQ,Dotto edit,11600,7999761,62
2026-09-13 06:00,UCEJRQBqXi3z3UXnHdueIvJg,F丸,33600,29450487,89
2026-09-13 06:00,UCZ-zUkkdNTYAYDgkDyeb_hA,JP-BALL,439000,165986065,128
2026-09-13 06:00,UCa-Pej_sn8Uw_mwXLKZiuIg,MOON-BALL,219000,39119696,33
2026-09-13 06:00,UC4bqMpF49ebuiF4TbJvFmyw,Opera_cb,190000,87614693,141
2026-09-13 06:00,UC61bxgiYRsBGZ04-x_M8zFw,Past_Ball,7720,3523286,213
2026-09-13 06:00,UCGueqNQmvtQYlGO3UL3Gf3w,udonball,6900,1234376,119
2026-09-13 06:00,UCYs_v0vuLKeCI--nTS1a5Dw,Dezinicht【Æž!フヒフム 海外アカウント】,118000,48965111,256
2026-09-13 06:00,UCfh08MHIzScBQKh5OuG2ofA,Somen ball,164000,61860018,140
2026-09-13 06:00,UCyedH2V27OuhZclf5wfXhlg,Spheria,131000,92471787,68
2026-09-13 06:00,UCfe4nCMqfTwoiMmIGqAolcQ,りょうデス,24000,15248755,891
2026-09-13 12:00,UC0oyndW7j5GS5NIb8ww7cxw,AST.アオスト Polandball,3630,1747170,32
2026-09-13 12:00,UCfJp9c3kSkIjYFevd2G1RKg,くろまめ,16200,15993319,73
2026-09-13 12:00,UCIqROVo0xBJfh5h6cQyPm7Q,日本猫耳版ボール【目標9000人】,12900,3928126,226
2026-09-13 12:00,UC1swbrz9S2VKVABS673ACgQ,áíš!aispoaporu,138000,94357726,1051
2026-09-13 12:00,UC9EPL3fLMARICtvoL6NGMBA,AJ ball,3510,1519187,39
2026-09-13 12:00,UCQySCPjitaeZQqbgcKcofeQ,Dotto edit,11600,8063971,62
2026-09-13 12:00,UCEJRQBqXi3z3UXnHdueIvJg,F丸,33600,29450487,89
2026-09-13 12:00,UCZ-zUkkdNTYAYDgkDyeb_hA,JP-BALL,439000,165986065,128
2026-09-13 12:00,UCa-Pej_sn8Uw_mwXLKZiuIg,MOON-BALL,220000,39172774,33
2026-09-13 12:00,UC4bqMpF49ebuiF4TbJvFmyw,Opera_cb,190000,87634867,141
2026-09-13 12:00,UC61bxgiYRsBGZ04-x_M8zFw,Past_Ball,7730,3523286,213
2026-09-13 12:00,UCGueqNQmvtQYlGO3UL3Gf3w,udonball,6900,1234695,119
2026-09-13 12:00,UCYs_v0vuLKeCI--nTS1a5Dw,Dezinicht【Æž!フヒフム 海外アカウント】,119000,49073046,257
2026-09-13 12:00,UCfh08MHIzScBQKh5OuG2ofA,Somen ball,164000,61906617,140
2026-09-13 12:00,UCyedH2V27OuhZclf5wfXhlg,Spheria,131000,92471787,68
2026-09-13 12:00,UCfe4nCMqfTwoiMmIGqAolcQ,りょうデス,24000,15248755,891
2026-09-13 18:00,UC0oyndW7j5GS5NIb8ww7cxw,AST.アオスト Polandball,3630,1748342,32
2026-09-13 18:00,UCfJp9c3kSkIjYFevd2G1RKg,くろまめ,16200,15993319,74
2026-09-13 18:00,UCIqROVo0xBJfh5h6cQyPm7Q,日本猫耳版ボール【目標9000人】,12900,3928425,226
2026-09-13 18:00,UC1swbrz9S2VKVABS673ACgQ,áíš!aispoaporu,138000,94357726,1051
2026-09-13 18:00,UC9EPL3fLMARICtvoL6NGMBA,AJ ball,3510,1519507,39
2026-09-13 18:00,UCQySCPjitaeZQqbgcKcofeQ,Dotto edit,11600,8063971,62
2026-09-13 18:00,UCEJRQBqXi3z3UXnHdueIvJg,F丸,33600,29512426,89
2026-09-13 18:00,UCZ-zUkkdNTYAYDgkDyeb_hA,JP-BALL,439000,166001460,128
2026-09-13 18:00,UCa-Pej_sn8Uw_mwXLKZiuIg,MOON-BALL,220000,39172774,33
2026-09-13 18:00,UC4bqMpF49ebuiF4TbJvFmyw,Opera_cb,190000,87634867,141
2026-09-13 18:00,UC61bxgiYRsBGZ04-x_M8zFw,Past_Ball,7730,3524641,213
2026-09-13 18:00,UCGueqNQmvtQYlGO3UL3Gf3w,udonball,6900,1234695,119
2026-09-13 18:00,UCYs_v0vuLKeCI--nTS1a5Dw,Dezinicht【Æž!フヒフム 海外アカウント】,119000,49073046,257
2026-09-13 18:00,UCfh08MHIzScBQKh5OuG2ofA,Somen ball,164000,61906617,140
2026-09-13 18:00,UCyedH2V27OuhZclf5wfXhlg,Spheria,131000,92481435,68
2026-09-13 18:00,UCfe4nCMqfTwoiMmIGqAolcQ,りょうデス,24000,15249011,891
2026-09-14 00:00,UC0oyndW7j5GS5NIb8ww7cxw,AST.アオスト Polandball,3640,1749177,32
2026-09-14 00:00,UCfJp9c3kSkIjYFevd2G1RKg,くろまめ,16300,15996999,74
2026-09-14 00:00,UCIqROVo0xBJfh5h6cQyPm7Q,日本猫耳版ボール【目標9000人】,12900,3928425,226
2026-09-14 00:00,UC1swbrz9S2VKVABS673ACgQ,áíš!aispoaporu,138000,94402206,1051
2026-09-14 00:00,UC9EPL3fLMARICtvoL6NGMBA,AJ ball,3510,1519985,39
2026-09-14 00:00,UCQySCPjitaeZQqbgcKcofeQ,Dotto edit,11700,8144469,62
2026-09-14 00:00,UCEJRQBqXi3z3UXnHdueIvJg,F丸,33700,29608140,89
2026-09-14 00:00,UCZ-zUkkdNTYAYDgkDyeb_hA,JP-BALL,439000,166019606,128
2026-09-14 00:00,UCa-Pej_sn8Uw_mwXLKZiuIg,MOON-BALL,220000,39230080,31
2026-09-14 00:00,UC4bqMpF49ebuiF4TbJvFmyw,Opera_cb,190000,87658065,142
2026-09-14 00:00,UC61bxgiYRsBGZ04-x_M8zFw,Past_Ball,7730,3524641,213
2026-09-14 00:00,UCGueqNQmvtQYlGO3UL3Gf3w,udonball,6900,1234695,119
2026-09-14 00:00,UCYs_v0vuLKeCI--nTS1a5Dw,Dezinicht【Æž!フヒフム 海外アカウント】,119000,49199128,257
2026-09-14 00:00,UCfh08MHIzScBQKh5OuG2ofA,Somen ball,164000,61954686,140
2026-09-14 00:00,UCyedH2V27OuhZclf5wfXhlg,Spheria,131000,92481435,68
2026-09-14 00:00,UCfe4nCMqfTwoiMmIGqAolcQ,りょうデス,24000,15249011,891
2026-09-14 06:00,UC0oyndW7j5GS5NIb8ww7cxw,AST.アオスト Polandball,3640,1749177,32
2026-09-14 06:00,UCfJp9c3kSkIjYFevd2G1RKg,くろまめ,16300,15996999,74
2026-09-14 06:00,UCIqROVo0xBJfh5h6cQyPm7Q,日本猫耳版ボール【目標9000人】,12900,3928695,226
2026-09-14 06:00,UC1swbrz9S2VKVABS673ACgQ,áíš!aispoaporu,138000,94402206,1051
2026-09-14 06:00,UC9EPL3fLMARICtvoL6NGMBA,AJ ball,3510,1519985,39
2026-09-14 06:00,UCQySCPjitaeZQqbgcKcofeQ,Dotto edit,11700,8144469,62
2026-09-14 06:00,UCEJRQBqXi3z3UXnHdueIvJg,F丸,33700,29608140,89
2026-09-14 06:00,UCZ-zUkkdNTYAYDgkDyeb_hA,JP-BALL,439000,166019606,128
2026-09-14 06:00,UCa-Pej_sn8Uw_mwXLKZiuIg,MOON-BALL,220000,39230080,31
2026-09-14 06:00,UC4bqMpF49ebuiF4TbJvFmyw,Opera_cb,190000,87658065,142
2026-09-14 06:00,UC61bxgiYRsBGZ04-x_M8zFw,Past_Ball,7730,3526163,213
2026-09-14 06:00,UCGueqNQmvtQYlGO3UL3Gf3w,udonball,6900,1235126,119
2026-09-14 06:00,UCYs_v0vuLKeCI--nTS1a5Dw,Dezinicht【Æž!フヒフム 海外アカウント】,119000,49199128,257
2026-09-14 06:00,UCfh08MHIzScBQKh5OuG2ofA,Somen ball,164000,61954686,140
2026-09-14 06:00,UCyedH2V27OuhZclf5wfXhlg,Spheria,131000,92490818,68
2026-09-14 06:00,UCfe4nCMqfTwoiMmIGqAolcQ,りょうデス,24000,15249310,891
2026-09-14 12:00,UC0oyndW7j5GS5NIb8ww7cxw,AST.アオスト Polandball,3640,1749177,32
2026-09-14 12:00,UCfJp9c3kSkIjYFevd2G1RKg,くろまめ,16300,15996999,74
2026-09-14 12:00,UCIqROVo0xBJfh5h6cQyPm7Q,日本猫耳版ボール【目標9000人】,12900,3929054,226
2026-09-14 12:00,UC1swbrz9S2VKVABS673ACgQ,áíš!aispoaporu,138000,94443120,1051
2026-09-14 12:00,UC9EPL3fLMARICtvoL6NGMBA,AJ ball,3510,1520474,39
2026-09-14 12:00,UCQySCPjitaeZQqbgcKcofeQ,Dotto edit,11800,8188350,62
2026-09-14 12:00,UCEJRQBqXi3z3UXnHdueIvJg,F丸,33700,29686808,89
2026-09-14 12:00,UCZ-zUkkdNTYAYDgkDyeb_hA,JP-BALL,439000,166037903,128
2026-09-14 12:00,UCa-Pej_sn8Uw_mwXLKZiuIg,MOON-BALL,220000,39289545,31
2026-09-14 12:00,UC4bqMpF49ebuiF4TbJvFmyw,Opera_cb,190000,87703828,142
2026-09-14 12:00,UC61bxgiYRsBGZ04-x_M8zFw,Past_Ball,7730,3527643,213
2026-09-14 12:00,UCGueqNQmvtQYlGO3UL3Gf3w,udonball,6900,1235126,119
2026-09-14 12:00,UCYs_v0vuLKeCI--nTS1a5Dw,Dezinicht【Æž!フヒフム 海外アカウント】,119000,49199128,257
2026-09-14 12:00,UCfh08MHIzScBQKh5OuG2ofA,Somen ball,164000,62000680,140
2026-09-14 12:00,UCyedH2V27OuhZclf5wfXhlg,Spheria,131000,92501569,68
2026-09-14 12:00,UCfe4nCMqfTwoiMmIGqAolcQ,りょうデス,24000,15249310,891
2026-09-14 18:00,UC0oyndW7j5GS5NIb8ww7cxw,AST.アオスト Polandball,3650,1749908,32
2026-09-14 18:00,UCfJp9c3kSkIjYFevd2G1RKg,くろまめ,16300,16003098,75
2026-09-14 18:00,UCIqROVo0xBJfh5h6cQyPm7Q,日本猫耳版ボール【目標9000人】,12900,3929054,226
2026-09-14 18:00,UC1swbrz9S2VKVABS673ACgQ,áíš!aispoaporu,138000,94443120,1052
2026-09-14 18:00,UC9EPL3fLMARICtvoL6NGMBA,AJ ball,3510,1520474,39
2026-09-14 18:00,UCQySCPjitaeZQqbgcKcofeQ,Dotto edit,11800,8188350,62
2026-09-14 18:00,UCEJRQBqXi3z3UXnHdueIvJg,F丸,33700,29686808,89
2026-09-14 18:00,UCZ-zUkkdNTYAYDgkDyeb_hA,JP-BALL,439000,166037903,128
2026-09-14 18:00,UCa-Pej_sn8Uw_mwXLKZiuIg,MOON-BALL,220000,39289545,31
2026-09-14 18:00,UC4bqMpF49ebuiF4TbJvFmyw,Opera_cb,190000,87703828,142
2026-09-14 18:00,UC61bxgiYRsBGZ04-x_M8zFw,Past_Ball,7730,3527643,213
2026-09-14 18:00,UCGueqNQmvtQYlGO3UL3Gf3w,udonball,6900,1235548,119
2026-09-14 18:00,UCYs_v0vuLKeCI--nTS1a5Dw,Dezinicht【Æž!フヒフム 海外アカウント】,119000,49630654,257
2026-09-14 18:00,UCfh08MHIzScBQKh5OuG2ofA,Somen ball,164000,62000680,140
2026-09-14 18:00,UCyedH2V27OuhZclf5wfXhlg,Spheria,131000,92501569,68
2026-09-14 18:00,UCfe4nCMqfTwoiMmIGqAolcQ,りょうデス,24000,15249730,891
2026-09-15 00:00,UC0oyndW7j5GS5NIb8ww7cxw,AST.アオスト Polandball,3650,1749908,32
2026-09-15 00:00,UCfJp9c3kSkIjYFevd2G1RKg,くろまめ,16300,16003098,75
2026-09-15 00:00,UCIqROVo0xBJfh5h6cQyPm7Q,日本猫耳版ボール【目標9000人】,12900,3929054,226
2026-09-15 00:00,UC1swbrz9S2VKVABS673ACgQ,áíš!aispoaporu,138000,94443120,1052
2026-09-15 00:00,UC9EPL3fLMARICtvoL6NGMBA,AJ ball,3510,1520474,39
2026-09-15 00:00,UCQySCPjitaeZQqbgcKcofeQ,Dotto edit,11800,8188350,62
2026-09-15 00:00,UCEJRQBqXi3z3UXnHdueIvJg,F丸,33600,29686808,89
2026-09-15 00:00,UCZ-zUkkdNTYAYDgkDyeb_hA,JP-BALL,439000,166037903,128
2026-09-15 00:00,UCa-Pej_sn8Uw_mwXLKZiuIg,MOON-BALL,220000,39289545,32
2026-09-15 00:00,UC4bqMpF49ebuiF4TbJvFmyw,Opera_cb,190000,87703828,142
2026-09-15 00:00,UC61bxgiYRsBGZ04-x_M8zFw,Past_Ball,7730,3527643,213
2026-09-15 00:00,UCGueqNQmvtQYlGO3UL3Gf3w,udonball,6900,1235548,119
2026-09-15 00:00,UCYs_v0vuLKeCI--nTS1a5Dw,Dezinicht【Æž!フヒフム 海外アカウント】,119000,49630654,257
2026-09-15 00:00,UCfh08MHIzScBQKh5OuG2ofA,Somen ball,164000,62000680,140
2026-09-15 00:00,UCyedH2V27OuhZclf5wfXhlg,Spheria,131000,92501569,68
2026-09-15 00:00,UCfe4nCMqfTwoiMmIGqAolcQ,りょうデス,24000,15249730,891
2026-09-15 06:00,UC0oyndW7j5GS5NIb8ww7cxw,AST.アオスト Polandball,3650,1750304,32
2026-09-15 06:00,UCfJp9c3kSkIjYFevd2G1RKg,くろまめ,16300,16004343,75
2026-09-15 06:00,UCIqROVo0xBJfh5h6cQyPm7Q,日本猫耳版ボール【目標9000人】,12900,3929239,226
2026-09-15 06:00,UC1swbrz9S2VKVABS673ACgQ,áíš!aispoaporu,138000,94461604,1052
2026-09-15 06:00,UC9EPL3fLMARICtvoL6NGMBA,AJ ball,3510,1520760,39
2026-09-15 06:00,UCQySCPjitaeZQqbgcKcofeQ,Dotto edit,11800,8230127,62
2026-09-15 06:00,UCEJRQBqXi3z3UXnHdueIvJg,F丸,33600,29730787,89
2026-09-15 06:00,UCZ-zUkkdNTYAYDgkDyeb_hA,JP-BALL,438000,166048095,128
2026-09-15 06:00,UCa-Pej_sn8Uw_mwXLKZiuIg,MOON-BALL,220000,39200408,32
2026-09-15 06:00,UC4bqMpF49ebuiF4TbJvFmyw,Opera_cb,190000,87756950,142
2026-09-15 06:00,UC61bxgiYRsBGZ04-x_M8zFw,Past_Ball,7730,3528333,213
2026-09-15 06:00,UCGueqNQmvtQYlGO3UL3Gf3w,udonball,6900,1235548,119
2026-09-15 06:00,UCYs_v0vuLKeCI--nTS1a5Dw,Dezinicht【Æž!フヒフム 海外アカウント】,119000,49780721,257
2026-09-15 06:00,UCfh08MHIzScBQKh5OuG2ofA,Somen ball,164000,62023529,140
2026-09-15 06:00,UCyedH2V27OuhZclf5wfXhlg,Spheria,131000,92506705,68
2026-09-15 06:00,UCfe4nCMqfTwoiMmIGqAolcQ,りょうデス,24000,15249730,891
2026-09-15 12:00,UC0oyndW7j5GS5NIb8ww7cxw,AST.アオスト Polandball,3650,1750768,32
2026-09-15 12:00,UCfJp9c3kSkIjYFevd2G1RKg,くろまめ,16300,16010582,75
2026-09-15 12:00,UCIqROVo0xBJfh5h6cQyPm7Q,日本猫耳版ボール【目標9000人】,12900,3929239,226
2026-09-15 12:00,UC1swbrz9S2VKVABS673ACgQ,áíš!aispoaporu,138000,94483712,1052
2026-09-15 12:00,UC9EPL3fLMARICtvoL6NGMBA,AJ ball,3510,1520971,39
2026-09-15 12:00,UCQySCPjitaeZQqbgcKcofeQ,Dotto edit,11800,8247095,62
2026-09-15 12:00,UCEJRQBqXi3z3UXnHdueIvJg,F丸,33700,29730787,89
2026-09-15 12:00,UCZ-zUkkdNTYAYDgkDyeb_hA,JP-BALL,438000,166057775,128
2026-09-15 12:00,UCa-Pej_sn8Uw_mwXLKZiuIg,MOON-BALL,220000,39235572,32
2026-09-15 12:00,UC4bqMpF49ebuiF4TbJvFmyw,Opera_cb,190000,87827444,142
2026-09-15 12:00,UC61bxgiYRsBGZ04-x_M8zFw,Past_Ball,7730,3528333,213
2026-09-15 12:00,UCGueqNQmvtQYlGO3UL3Gf3w,udonball,6900,1236119,119
2026-09-15 12:00,UCYs_v0vuLKeCI--nTS1a5Dw,Dezinicht【Æž!フヒフム 海外アカウント】,119000,49883848,257
2026-09-15 12:00,UCfh08MHIzScBQKh5OuG2ofA,Somen ball,164000,62023529,140
2026-09-15 12:00,UCyedH2V27OuhZclf5wfXhlg,Spheria,131000,92506705,68
2026-09-15 12:00,UCfe4nCMqfTwoiMmIGqAolcQ,りょうデス,24000,15250079,891
2026-09-15 18:00,UC0oyndW7j5GS5NIb8ww7cxw,AST.アオスト Polandball,3660,1750768,32
2026-09-15 18:00,UCfJp9c3kSkIjYFevd2G1RKg,くろまめ,16300,16010582,76
2026-09-15 18:00,UCIqROVo0xBJfh5h6cQyPm7Q,日本猫耳版ボール【目標9000人】,12900,3929388,226
2026-09-15 18:00,UC1swbrz9S2VKVABS673ACgQ,áíš!aispoaporu,138000,94483712,1052
2026-09-15 18:00,UC9EPL3fLMARICtvoL6NGMBA,AJ ball,3510,1520971,39
2026-09-15 18:00,UCQySCPjitaeZQqbgcKcofeQ,Dotto edit,11800,8247095,62
2026-09-15 18:00,UCEJRQBqXi3z3UXnHdueIvJg,F丸,33700,29747468,89
2026-09-15 18:00,UCZ-zUkkdNTYAYDgkDyeb_hA,JP-BALL,438000,166057775,128
2026-09-15 18:00,UCa-Pej_sn8Uw_mwXLKZiuIg,MOON-BALL,221000,39235572,32
2026-09-15 18:00,UC4bqMpF49ebuiF4TbJvFmyw,Opera_cb,190000,87827444,142
2026-09-15 18:00,UC61bxgiYRsBGZ04-x_M8zFw,Past_Ball,7730,3529353,213
2026-09-15 18:00,UCGueqNQmvtQYlGO3UL3Gf3w,udonball,6900,1236119,119
2026-09-15 18:00,UCYs_v0vuLKeCI--nTS1a5Dw,Dezinicht【Æž!フヒフム 海外アカウント】,120000,49883848,257
2026-09-15 18:00,UCfh08MHIzScBQKh5OuG2ofA,Somen ball,164000,62042332,140
2026-09-15 18:00,UCyedH2V27OuhZclf5wfXhlg,Spheria,131000,92512289,68
2026-09-15 18:00,UCfe4nCMqfTwoiMmIGqAolcQ,りょうデス,24000,15250393,891
2026-09-16 00:00,UC0oyndW7j5GS5NIb8ww7cxw,AST.アオスト Polandball,3660,1750768,32
2026-09-16 00:00,UCfJp9c3kSkIjYFevd2G1RKg,くろまめ,16300,16010582,76
2026-09-16 00:00,UCIqROVo0xBJfh5h6cQyPm7Q,日本猫耳版ボール【目標9000人】,12900,3929388,226
2026-09-16 00:00,UC1swbrz9S2VKVABS673ACgQ,áíš!aispoaporu,138000,94483712,1052
2026-09-16 00:00,UC9EPL3fLMARICtvoL6NGMBA,AJ ball,3510,1520971,39
2026-09-16 00:00,UCQySCPjitaeZQqbgcKcofeQ,Dotto edit,11800,8247095,62
2026-09-16 00:00,UCEJRQBqXi3z3UXnHdueIvJg,F丸,33700,29747468,89
2026-09-16 00:00,UCZ-zUkkdNTYAYDgkDyeb_hA,JP-BALL,439000,166057775,128
2026-09-16 00:00,UCa-Pej_sn8Uw_mwXLKZiuIg,MOON-BALL,221000,39235572,32
2026-09-16 00:00,UC4bqMpF49ebuiF4TbJvFmyw,Opera_cb,190000,87827444,142
2026-09-16 00:00,UC61bxgiYRsBGZ04-x_M8zFw,Past_Ball,7740,3529353,213
2026-09-16 00:00,UCGueqNQmvtQYlGO3UL3Gf3w,udonball,6900,1236119,119
2026-09-16 00:00,UCYs_v0vuLKeCI--nTS1a5Dw,Dezinicht【Æž!フヒフム 海外アカウント】,120000,49883848,257
2026-09-16 00:00,UCfh08MHIzScBQKh5OuG2ofA,Somen ball,164000,62042332,140
2026-09-16 00:00,UCyedH2V27OuhZclf5wfXhlg,Spheria,131000,92512289,68
2026-09-16 00:00,UCfe4nCMqfTwoiMmIGqAolcQ,りょうデス,24000,15250393,891
2026-09-16 06:00,UC0oyndW7j5GS5NIb8ww7cxw,AST.アオスト Polandball,3660,1751204,32
2026-09-16 06:00,UCfJp9c3kSkIjYFevd2G1RKg,くろまめ,16300,16010582,76
2026-09-16 06:00,UCIqROVo0xBJfh5h6cQyPm7Q,日本猫耳版ボール【目標9000人】,12900,3929388,226
2026-09-16 06:00,UC1swbrz9S2VKVABS673ACgQ,áíš!aispoaporu,138000,94483712,1052
2026-09-16 06:00,UC9EPL3fLMARICtvoL6NGMBA,AJ ball,3510,1520971,39
2026-09-16 06:00,UCQySCPjitaeZQqbgcKcofeQ,Dotto edit,11900,8247095,62
2026-09-16 06:00,UCEJRQBqXi3z3UXnHdueIvJg,F丸,33700,29747468,89
2026-09-16 06:00,UCZ-zUkkdNTYAYDgkDyeb_hA,JP-BALL,439000,166057775,128
2026-09-16 06:00,UCa-Pej_sn8Uw_mwXLKZiuIg,MOON-BALL,221000,39314843,32
2026-09-16 06:00,UC4bqMpF49ebuiF4TbJvFmyw,Opera_cb,190000,87868978,142
2026-09-16 06:00,UC61bxgiYRsBGZ04-x_M8zFw,Past_Ball,7740,3530139,213
2026-09-16 06:00,UCGueqNQmvtQYlGO3UL3Gf3w,udonball,6900,1236119,119
2026-09-16 06:00,UCYs_v0vuLKeCI--nTS1a5Dw,Dezinicht【Æž!フヒフム 海外アカウント】,120000,50010075,257
2026-09-16 06:00,UCfh08MHIzScBQKh5OuG2ofA,Somen ball,164000,62042332,140
2026-09-16 06:00,UCyedH2V27OuhZclf5wfXhlg,Spheria,131000,92519239,68
2026-09-16 06:00,UCfe4nCMqfTwoiMmIGqAolcQ,りょうデス,24000,15250393,891
2026-09-16 12:00,UC0oyndW7j5GS5NIb8ww7cxw,AST.アオスト Polandball,3660,1751204,32
2026-09-16 12:00,UCfJp9c3kSkIjYFevd2G1RKg,くろまめ,16300,16020147,76
2026-09-16 12:00,UCIqROVo0xBJfh5h6cQyPm7Q,日本猫耳版ボール【目標9000人】,12900,3929593,226
2026-09-16 12:00,UC1swbrz9S2VKVABS673ACgQ,áíš!aispoaporu,138000,94526587,1052
2026-09-16 12:00,UC9EPL3fLMARICtvoL6NGMBA,AJ ball,3510,1521441,39
2026-09-16 12:00,UCQySCPjitaeZQqbgcKcofeQ,Dotto edit,11900,8286800,62
2026-09-16 12:00,UCEJRQBqXi3z3UXnHdueIvJg,F丸,33700,29772413,89
2026-09-16 12:00,UCZ-zUkkdNTYAYDgkDyeb_hA,JP-BALL,439000,166079892,128
2026-09-16 12:00,UCa-Pej_sn8Uw_mwXLKZiuIg,MOON-BALL,221000,39361250,32
2026-09-16 12:00,UC4bqMpF49ebuiF4TbJvFmyw,Opera_cb,190000,87868978,142
2026-09-16 12:00,UC61bxgiYRsBGZ04-x_M8zFw,Past_Ball,7740,3530139,213
2026-09-16 12:00,UCGueqNQmvtQYlGO3UL3Gf3w,udonball,6900,1236630,119
2026-09-16 12:00,UCYs_v0vuLKeCI--nTS1a5Dw,Dezinicht【Æž!フヒフム 海外アカウント】,120000,50091589,258
2026-09-16 12:00,UCfh08MHIzScBQKh5OuG2ofA,Somen ball,164000,62081390,140
2026-09-16 12:00,UCyedH2V27OuhZclf5wfXhlg,Spheria,131000,92525477,68
2026-09-16 12:00,UCfe4nCMqfTwoiMmIGqAolcQ,りょうデス,24000,15250831,891
2026-09-16 18:00,UC0oyndW7j5GS5NIb8ww7cxw,AST.アオスト Polandball,3660,1751735,32
2026-09-16 18:00,UCfJp9c3kSkIjYFevd2G1RKg,くろまめ,16300,16035795,77
2026-09-16 18:00,UCIqROVo0xBJfh5h6cQyPm7Q,日本猫耳版ボール【目標9000人】,12900,3929593,226
2026-09-16 18:00,UC1swbrz9S2VKVABS673ACgQ,áíš!aispoaporu,138000,94541242,1053
2026-09-16 18:00,UC9EPL3fLMARICtvoL6NGMBA,AJ ball,3510,1521441,39
2026-09-16 18:00,UCQySCPjitaeZQqbgcKcofeQ,Dotto edit,11900,8286800,62
2026-09-16 18:00,UCEJRQBqXi3z3UXnHdueIvJg,F丸,33600,29792544,89
2026-09-16 18:00,UCZ-zUkkdNTYAYDgkDyeb_hA,JP-BALL,438000,166079892,128
2026-09-16 18:00,UCa-Pej_sn8Uw_mwXLKZiuIg,MOON-BALL,221000,39361250,32
2026-09-16 18:00,UC4bqMpF49ebuiF4TbJvFmyw,Opera_cb,190000,87903254,142
2026-09-16 18:00,UC61bxgiYRsBGZ04-x_M8zFw,Past_Ball,7730,3531171,213
2026-09-16 18:00,UCGueqNQmvtQYlGO3UL3Gf3w,udonball,6900,1236630,119
2026-09-16 18:00,UCYs_v0vuLKeCI--nTS1a5Dw,Dezinicht【Æž!フヒフム 海外アカウント】,119000,50091589,258
2026-09-16 18:00,UCfh08MHIzScBQKh5OuG2ofA,Somen ball,164000,62081390,140
2026-09-16 18:00,UCyedH2V27OuhZclf5wfXhlg,Spheria,131000,92525477,68
2026-09-16 18:00,UCfe4nCMqfTwoiMmIGqAolcQ,りょうデス,24000,15250831,891
2026-09-17 00:00,UC0oyndW7j5GS5NIb8ww7cxw,AST.アオスト Polandball,3660,1751735,32
2026-09-17 00:00,UCfJp9c3kSkIjYFevd2G1RKg,くろまめ,16300,16035795,77
2026-09-17 00:00,UCIqROVo0xBJfh5h6cQyPm7Q,日本猫耳版ボール【目標9000人】,12900,3929593,226
2026-09-17 00:00,UC1swbrz9S2VKVABS673ACgQ,áíš!aispoaporu,138000,94541242,1053
2026-09-17 00:00,UC9EPL3fLMARICtvoL6NGMBA,AJ ball,3510,1521441,39
2026-09-17 00:00,UCQySCPjitaeZQqbgcKcofeQ,Dotto edit,11400,8286800,62
2026-09-17 00:00,UCEJRQBqXi3z3UXnHdueIvJg,F丸,33600,29792544,89
2026-09-17 00:00,UCZ-zUkkdNTYAYDgkDyeb_hA,JP-BALL,438000,166079892,128
2026-09-17 00:00,UCa-Pej_sn8Uw_mwXLKZiuIg,MOON-BALL,221000,39361250,28
2026-09-17 00:00,UC4bqMpF49ebuiF4TbJvFmyw,Opera_cb,190000,87903254,142
2026-09-17 00:00,UC61bxgiYRsBGZ04-x_M8zFw,Past_Ball,7740,3531171,214
2026-09-17 00:00,UCGueqNQmvtQYlGO3UL3Gf3w,udonball,6900,1236630,119
2026-09-17 00:00,UCYs_v0vuLKeCI--nTS1a5Dw,Dezinicht【Æž!フヒフム 海外アカウント】,120000,50091589,258
2026-09-17 00:00,UCfh08MHIzScBQKh5OuG2ofA,Somen ball,164000,62081390,140
2026-09-17 00:00,UCyedH2V27OuhZclf5wfXhlg,Spheria,131000,92533446,67
2026-09-17 00:00,UCfe4nCMqfTwoiMmIGqAolcQ,りょうデス,24000,15250831,891
2026-09-17 06:00,UC0oyndW7j5GS5NIb8ww7cxw,AST.アオスト Polandball,3660,1752299,32
2026-09-17 06:00,UCfJp9c3kSkIjYFevd2G1RKg,くろまめ,16300,16038460,77
2026-09-17 06:00,UCIqROVo0xBJfh5h6cQyPm7Q,日本猫耳版ボール【目標9000人】,12900,3929699,226
2026-09-17 06:00,UC1swbrz9S2VKVABS673ACgQ,áíš!aispoaporu,138000,94554158,1053
2026-09-17 06:00,UC9EPL3fLMARICtvoL6NGMBA,AJ ball,3510,1521674,39
2026-09-17 06:00,UCQySCPjitaeZQqbgcKcofeQ,Dotto edit,11400,8304282,62
2026-09-17 06:00,UCEJRQBqXi3z3UXnHdueIvJg,F丸,33600,29812692,89
2026-09-17 06:00,UCZ-zUkkdNTYAYDgkDyeb_hA,JP-BALL,438000,166092615,128
2026-09-17 06:00,UCa-Pej_sn8Uw_mwXLKZiuIg,MOON-BALL,221000,39394229,28
2026-09-17 06:00,UC4bqMpF49ebuiF4TbJvFmyw,Opera_cb,190000,87933976,142
2026-09-17 06:00,UC61bxgiYRsBGZ04-x_M8zFw,Past_Ball,7740,3532020,214
2026-09-17 06:00,UCGueqNQmvtQYlGO3UL3Gf3w,udonball,6900,1236630,119
2026-09-17 06:00,UCYs_v0vuLKeCI--nTS1a5Dw,Dezinicht【Æž!フヒフム 海外アカウント】,120000,50204921,258
2026-09-17 06:00,UCfh08MHIzScBQKh5OuG2ofA,Somen ball,164000,62099557,140
2026-09-17 06:00,UCyedH2V27OuhZclf5wfXhlg,Spheria,131000,92533446,67
2026-09-17 06:00,UCfe4nCMqfTwoiMmIGqAolcQ,りょうデス,24000,15251099,891
2026-09-17 12:00,UC0oyndW7j5GS5NIb8ww7cxw,AST.アオスト Polandball,3660,1752299,32
2026-09-17 12:00,UCfJp9c3kSkIjYFevd2G1RKg,くろまめ,16300,16038460,77
2026-09-17 12:00,UCIqROVo0xBJfh5h6cQyPm7Q,日本猫耳版ボール【目標9000人】,12900,3929699,226
2026-09-17 12:00,UC1swbrz9S2VKVABS673ACgQ,áíš!aispoaporu,138000,94554158,1053
2026-09-17 12:00,UC9EPL3fLMARICtvoL6NGMBA,AJ ball,3510,1521674,39
2026-09-17 12:00,UCQySCPjitaeZQqbgcKcofeQ,Dotto edit,11400,8317112,62
2026-09-17 12:00,UCEJRQBqXi3z3UXnHdueIvJg,F丸,33600,29812692,89
2026-09-17 12:00,UCZ-zUkkdNTYAYDgkDyeb_hA,JP-BALL,438000,166108596,128
2026-09-17 12:00,UCa-Pej_sn8Uw_mwXLKZiuIg,MOON-BALL,221000,39394229,28
2026-09-17 12:00,UC4bqMpF49ebuiF4TbJvFmyw,Opera_cb,190000,87933976,142
2026-09-17 12:00,UC61bxgiYRsBGZ04-x_M8zFw,Past_Ball,7740,3532020,214
2026-09-17 12:00,UCGueqNQmvtQYlGO3UL3Gf3w,udonball,6900,1236939,119
2026-09-17 12:00,UCYs_v0vuLKeCI--nTS1a5Dw,Dezinicht【Æž!フヒフム 海外アカウント】,120000,50204921,259
2026-09-17 12:00,UCfh08MHIzScBQKh5OuG2ofA,Somen ball,164000,62099557,140
2026-09-17 12:00,UCyedH2V27OuhZclf5wfXhlg,Spheria,131000,92533446,67
2026-09-17 12:00,UCfe4nCMqfTwoiMmIGqAolcQ,りょうデス,24000,15251099,891
2026-09-17 18:00,UC0oyndW7j5GS5NIb8ww7cxw,AST.アオスト Polandball,3660,1753045,32
2026-09-17 18:00,UCfJp9c3kSkIjYFevd2G1RKg,くろまめ,16300,16046277,78
2026-09-17 18:00,UCIqROVo0xBJfh5h6cQyPm7Q,日本猫耳版ボール【目標9000人】,12900,3929876,226
2026-09-17 18:00,UC1swbrz9S2VKVABS673ACgQ,áíš!aispoaporu,138000,94594553,1053
2026-09-17 18:00,UC9EPL3fLMARICtvoL6NGMBA,AJ ball,3510,1521980,39
2026-09-17 18:00,UCQySCPjitaeZQqbgcKcofeQ,Dotto edit,11400,8318992,62
2026-09-17 18:00,UCEJRQBqXi3z3UXnHdueIvJg,F丸,33600,29837883,89
2026-09-17 18:00,UCZ-zUkkdNTYAYDgkDyeb_hA,JP-BALL,438000,166111056,128
2026-09-17 18:00,UCa-Pej_sn8Uw_mwXLKZiuIg,MOON-BALL,220000,39034897,28
2026-09-17 18:00,UC4bqMpF49ebuiF4TbJvFmyw,Opera_cb,190000,87985393,142
2026-09-17 18:00,UC61bxgiYRsBGZ04-x_M8zFw,Past_Ball,7730,3535773,214
2026-09-17 18:00,UCGueqNQmvtQYlGO3UL3Gf3w,udonball,6900,1237410,119
2026-09-17 18:00,UCYs_v0vuLKeCI--nTS1a5Dw,Dezinicht【Æž!フヒフム 海外アカウント】,119000,50331607,259
2026-09-17 18:00,UCfh08MHIzScBQKh5OuG2ofA,Somen ball,164000,62125807,135
2026-09-17 18:00,UCyedH2V27OuhZclf5wfXhlg,Spheria,131000,92546197,67
2026-09-17 18:00,UCfe4nCMqfTwoiMmIGqAolcQ,りょうデス,24000,15251612,891
2026-09-18 00:00,UC0oyndW7j5GS5NIb8ww7cxw,AST.アオスト Polandball,3660,1753045,32
2026-09-18 00:00,UCfJp9c3kSkIjYFevd2G1RKg,くろまめ,16300,16047192,78
2026-09-18 00:00,UCIqROVo0xBJfh5h6cQyPm7Q,日本猫耳版ボール【目標9000人】,12900,3929876,226
2026-09-18 00:00,UC1swbrz9S2VKVABS673ACgQ,áíš!aispoaporu,138000,94594553,1053
2026-09-18 00:00,UC9EPL3fLMARICtvoL6NGMBA,AJ ball,3510,1521980,39
2026-09-18 00:00,UCQySCPjitaeZQqbgcKcofeQ,Dotto edit,11000,8318992,62
2026-09-18 00:00,UCEJRQBqXi3z3UXnHdueIvJg,F丸,33600,29837883,89
2026-09-18 00:00,UCZ-zUkkdNTYAYDgkDyeb_hA,JP-BALL,438000,166111056,128
2026-09-18 00:00,UCa-Pej_sn8Uw_mwXLKZiuIg,MOON-BALL,220000,39034897,28
2026-09-18 00:00,UC4bqMpF49ebuiF4TbJvFmyw,Opera_cb,190000,87985393,142
2026-09-18 00:00,UC61bxgiYRsBGZ04-x_M8zFw,Past_Ball,7740,3535773,214
2026-09-18 00:00,UCGueqNQmvtQYlGO3UL3Gf3w,udonball,6900,1237410,119
2026-09-18 00:00,UCYs_v0vuLKeCI--nTS1a5Dw,Dezinicht【Æž!フヒフム 海外アカウント】,119000,50331607,259
2026-09-18 00:00,UCfh08MHIzScBQKh5OuG2ofA,Somen ball,164000,62125807,135
2026-09-18 00:00,UCyedH2V27OuhZclf5wfXhlg,Spheria,131000,92546197,67
2026-09-18 00:00,UCfe4nCMqfTwoiMmIGqAolcQ,りょうデス,24000,15251612,891
2026-09-18 06:00,UC0oyndW7j5GS5NIb8ww7cxw,AST.アオスト Polandball,3660,1753293,32
2026-09-18 06:00,UCfJp9c3kSkIjYFevd2G1RKg,くろまめ,16400,16047192,78
2026-09-18 06:00,UCIqROVo0xBJfh5h6cQyPm7Q,日本猫耳版ボール【目標9000人】,12900,3929949,226
2026-09-18 06:00,UC1swbrz9S2VKVABS673ACgQ,áíš!aispoaporu,138000,94682364,1053
2026-09-18 06:00,UC9EPL3fLMARICtvoL6NGMBA,AJ ball,3510,1522099,39
2026-09-18 06:00,UCQySCPjitaeZQqbgcKcofeQ,Dotto edit,11000,8328761,62
2026-09-18 06:00,UCEJRQBqXi3z3UXnHdueIvJg,F丸,33600,29837883,89
2026-09-18 06:00,UCZ-zUkkdNTYAYDgkDyeb_hA,JP-BALL,439000,166118825,128
2026-09-18 06:00,UCa-Pej_sn8Uw_mwXLKZiuIg,MOON-BALL,221000,39053925,28
2026-09-18 06:00,UC4bqMpF49ebuiF4TbJvFmyw,Opera_cb,190000,88001322,142
2026-09-18 06:00,UC61bxgiYRsBGZ04-x_M8zFw,Past_Ball,7740,3535773,214
2026-09-18 06:00,UCGueqNQmvtQYlGO3UL3Gf3w,udonball,6900,1237643,119
2026-09-18 06:00,UCYs_v0vuLKeCI--nTS1a5Dw,Dezinicht【Æž!フヒフム 海外アカウント】,120000,50393262,259
2026-09-18 06:00,UCfh08MHIzScBQKh5OuG2ofA,Somen ball,165000,62135965,135
2026-09-18 06:00,UCyedH2V27OuhZclf5wfXhlg,Spheria,131000,92393657,67
2026-09-18 06:00,UCfe4nCMqfTwoiMmIGqAolcQ,りょうデス,24000,15251694,891
2026-09-18 12:00,UC0oyndW7j5GS5NIb8ww7cxw,AST.アオスト Polandball,3670,1753293,32
2026-09-18 12:00,UCfJp9c3kSkIjYFevd2G1RKg,くろまめ,16500,16047192,78
2026-09-18 12:00,UCIqROVo0xBJfh5h6cQyPm7Q,日本猫耳版ボール【目標9000人】,12900,3929949,226
2026-09-18 12:00,UC1swbrz9S2VKVABS673ACgQ,áíš!aispoaporu,138000,94733262,1053
2026-09-18 12:00,UC9EPL3fLMARICtvoL6NGMBA,AJ ball,3510,1522099,39
2026-09-18 12:00,UCQySCPjitaeZQqbgcKcofeQ,Dotto edit,11900,8332533,62
2026-09-18 12:00,UCEJRQBqXi3z3UXnHdueIvJg,F丸,33700,29856106,89
2026-09-18 12:00,UCZ-zUkkdNTYAYDgkDyeb_hA,JP-BALL,439000,166129812,128
2026-09-18 12:00,UCa-Pej_sn8Uw_mwXLKZiuIg,MOON-BALL,221000,39070059,28
2026-09-18 12:00,UC4bqMpF49ebuiF4TbJvFmyw,Opera_cb,190000,88030372,142
2026-09-18 12:00,UC61bxgiYRsBGZ04-x_M8zFw,Past_Ball,7760,3536404,214
2026-09-18 12:00,UCGueqNQmvtQYlGO3UL3Gf3w,udonball,6900,1237643,119
2026-09-18 12:00,UCYs_v0vuLKeCI--nTS1a5Dw,Dezinicht【Æž!フヒフム 海外アカウント】,120000,50523402,260
2026-09-18 12:00,UCfh08MHIzScBQKh5OuG2ofA,Somen ball,165000,62135965,135
2026-09-18 12:00,UCyedH2V27OuhZclf5wfXhlg,Spheria,131000,92398848,67
2026-09-18 12:00,UCfe4nCMqfTwoiMmIGqAolcQ,りょうデス,24000,15251694,891
2026-09-18 18:00,UC0oyndW7j5GS5NIb8ww7cxw,AST.アオスト Polandball,3670,1753762,32
2026-09-18 18:00,UCfJp9c3kSkIjYFevd2G1RKg,くろまめ,16600,16051048,79
2026-09-18 18:00,UCIqROVo0xBJfh5h6cQyPm7Q,日本猫耳版ボール【目標9000人】,12900,3930193,226
2026-09-18 18:00,UC1swbrz9S2VKVABS673ACgQ,áíš!aispoaporu,138000,94733262,1054
2026-09-18 18:00,UC9EPL3fLMARICtvoL6NGMBA,AJ ball,3510,1522333,39
2026-09-18 18:00,UCQySCPjitaeZQqbgcKcofeQ,Dotto edit,11900,8332533,62
2026-09-18 18:00,UCEJRQBqXi3z3UXnHdueIvJg,F丸,33700,29856106,89
2026-09-18 18:00,UCZ-zUkkdNTYAYDgkDyeb_hA,JP-BALL,439000,166129812,128
2026-09-18 18:00,UCa-Pej_sn8Uw_mwXLKZiuIg,MOON-BALL,222000,39070059,28
2026-09-18 18:00,UC4bqMpF49ebuiF4TbJvFmyw,Opera_cb,190000,88030372,142
2026-09-18 18:00,UC61bxgiYRsBGZ04-x_M8zFw,Past_Ball,7760,3537937,214
2026-09-18 18:00,UCGueqNQmvtQYlGO3UL3Gf3w,udonball,6900,1237953,119
2026-09-18 18:00,UCYs_v0vuLKeCI--nTS1a5Dw,Dezinicht【Æž!フヒフム 海外アカウント】,120000,50523402,260
2026-09-18 18:00,UCfh08MHIzScBQKh5OuG2ofA,Somen ball,165000,62150284,121
2026-09-18 18:00,UCyedH2V27OuhZclf5wfXhlg,Spheria,131000,92398848,67
2026-09-18 18:00,UCfe4nCMqfTwoiMmIGqAolcQ,りょうデス,24000,15251943,891
2026-09-19 00:00,UC0oyndW7j5GS5NIb8ww7cxw,AST.アオスト Polandball,3670,1754525,32
2026-09-19 00:00,UCfJp9c3kSkIjYFevd2G1RKg,くろまめ,16700,16051048,79
2026-09-19 00:00,UCIqROVo0xBJfh5h6cQyPm7Q,日本猫耳版ボール【目標9000人】,12900,3930193,226
2026-09-19 00:00,UC1swbrz9S2VKVABS673ACgQ,áíš!aispoaporu,138000,94733262,1054
2026-09-19 00:00,UC9EPL3fLMARICtvoL6NGMBA,AJ ball,3510,1522707,39
2026-09-19 00:00,UCQySCPjitaeZQqbgcKcofeQ,Dotto edit,11900,8350109,63
2026-09-19 00:00,UCEJRQBqXi3z3UXnHdueIvJg,F丸,33700,29866863,90
2026-09-19 00:00,UCZ-zUkkdNTYAYDgkDyeb_hA,JP-BALL,439000,166144453,128
2026-09-19 00:00,UCa-Pej_sn8Uw_mwXLKZiuIg,MOON-BALL,222000,39070059,28
2026-09-19 00:00,UC4bqMpF49ebuiF4TbJvFmyw,Opera_cb,190000,88071259,142
2026-09-19 00:00,UC61bxgiYRsBGZ04-x_M8zFw,Past_Ball,7760,3537937,214
2026-09-19 00:00,UCGueqNQmvtQYlGO3UL3Gf3w,udonball,6900,1237953,119
2026-09-19 00:00,UCYs_v0vuLKeCI--nTS1a5Dw,Dezinicht【Æž!フヒフム 海外アカウント】,121000,50691947,260
2026-09-19 00:00,UCfh08MHIzScBQKh5OuG2ofA,Somen ball,165000,62150284,121
2026-09-19 00:00,UCyedH2V27OuhZclf5wfXhlg,Spheria,131000,92407799,67
2026-09-19 00:00,UCfe4nCMqfTwoiMmIGqAolcQ,りょうデス,24000,15251943,891
2026-09-19 06:00,UC0oyndW7j5GS5NIb8ww7cxw,AST.アオスト Polandball,3670,1754525,32
2026-09-19 06:00,UCfJp9c3kSkIjYFevd2G1RKg,くろまめ,16800,16055838,79
2026-09-19 06:00,UCIqROVo0xBJfh5h6cQyPm7Q,日本猫耳版ボール【目標9000人】,12900,3930386,226
2026-09-19 06:00,UC1swbrz9S2VKVABS673ACgQ,áíš!aispoaporu,138000,94774332,1054
2026-09-19 06:00,UC9EPL3fLMARICtvoL6NGMBA,AJ ball,3510,1522707,39
2026-09-19 06:00,UCQySCPjitaeZQqbgcKcofeQ,Dotto edit,11900,8350109,63
2026-09-19 06:00,UCEJRQBqXi3z3UXnHdueIvJg,F丸,33700,29866863,90
2026-09-19 06:00,UCZ-zUkkdNTYAYDgkDyeb_hA,JP-BALL,439000,166144453,128
2026-09-19 06:00,UCa-Pej_sn8Uw_mwXLKZiuIg,MOON-BALL,222000,39095597,28
2026-09-19 06:00,UC4bqMpF49ebuiF4TbJvFmyw,Opera_cb,190000,88071259,142
2026-09-19 06:00,UC61bxgiYRsBGZ04-x_M8zFw,Past_Ball,7760,3539476,214
2026-09-19 06:00,UCGueqNQmvtQYlGO3UL3Gf3w,udonball,6900,1238287,119
2026-09-19 06:00,UCYs_v0vuLKeCI--nTS1a5Dw,Dezinicht【Æž!フヒフム 海外アカウント】,121000,50691947,260
2026-09-19 06:00,UCfh08MHIzScBQKh5OuG2ofA,Somen ball,165000,62000902,121
2026-09-19 06:00,UCyedH2V27OuhZclf5wfXhlg,Spheria,131000,92407799,67
2026-09-19 06:00,UCfe4nCMqfTwoiMmIGqAolcQ,りょうデス,24000,15252106,891
2026-09-19 12:00,UC0oyndW7j5GS5NIb8ww7cxw,AST.アオスト Polandball,3670,1754525,32
2026-09-19 12:00,UCfJp9c3kSkIjYFevd2G1RKg,くろまめ,16800,16055838,79
2026-09-19 12:00,UCIqROVo0xBJfh5h6cQyPm7Q,日本猫耳版ボール【目標9000人】,12900,3930386,226
2026-09-19 12:00,UC1swbrz9S2VKVABS673ACgQ,áíš!aispoaporu,138000,94774332,1054
2026-09-19 12:00,UC9EPL3fLMARICtvoL6NGMBA,AJ ball,3510,1522707,39
2026-09-19 12:00,UCQySCPjitaeZQqbgcKcofeQ,Dotto edit,11900,8350109,63
2026-09-19 12:00,UCEJRQBqXi3z3UXnHdueIvJg,F丸,33800,29866863,90
2026-09-19 12:00,UCZ-zUkkdNTYAYDgkDyeb_hA,JP-BALL,439000,166144453,128
2026-09-19 12:00,UCa-Pej_sn8Uw_mwXLKZiuIg,MOON-BALL,222000,39095597,28
2026-09-19 12:00,UC4bqMpF49ebuiF4TbJvFmyw,Opera_cb,190000,88071259,142
2026-09-19 12:00,UC61bxgiYRsBGZ04-x_M8zFw,Past_Ball,7760,3539476,214
2026-09-19 12:00,UCGueqNQmvtQYlGO3UL3Gf3w,udonball,6900,1238287,119
2026-09-19 12:00,UCYs_v0vuLKeCI--nTS1a5Dw,Dezinicht【Æž!フヒフム 海外アカウント】,121000,50691947,260
2026-09-19 12:00,UCfh08MHIzScBQKh5OuG2ofA,Somen ball,165000,62000902,118
2026-09-19 12:00,UCyedH2V27OuhZclf5wfXhlg,Spheria,131000,92407799,67
2026-09-19 12:00,UCfe4nCMqfTwoiMmIGqAolcQ,りょうデス,24000,15252106,891
2026-09-19 18:00,UC0oyndW7j5GS5NIb8ww7cxw,AST.アオスト Polandball,3670,1755279,32
2026-09-19 18:00,UCfJp9c3kSkIjYFevd2G1RKg,くろまめ,16900,16237887,80
2026-09-19 18:00,UCIqROVo0xBJfh5h6cQyPm7Q,日本猫耳版ボール【目標9000人】,12900,3930596,226
2026-09-19 18:00,UC1swbrz9S2VKVABS673ACgQ,áíš!aispoaporu,138000,94816944,1054
2026-09-19 18:00,UC9EPL3fLMARICtvoL6NGMBA,AJ ball,3510,1523267,39
2026-09-19 18:00,UCQySCPjitaeZQqbgcKcofeQ,Dotto edit,11900,8378957,63
2026-09-19 18:00,UCEJRQBqXi3z3UXnHdueIvJg,F丸,33800,29885869,90
2026-09-19 18:00,UCZ-zUkkdNTYAYDgkDyeb_hA,JP-BALL,439000,166164122,128
2026-09-19 18:00,UCa-Pej_sn8Uw_mwXLKZiuIg,MOON-BALL,222000,39127805,28
2026-09-19 18:00,UC4bqMpF49ebuiF4TbJvFmyw,Opera_cb,190000,88130460,142
2026-09-19 18:00,UC61bxgiYRsBGZ04-x_M8zFw,Past_Ball,7770,3542377,214
2026-09-19 18:00,UCGueqNQmvtQYlGO3UL3Gf3w,udonball,6900,1238811,119
2026-09-19 18:00,UCYs_v0vuLKeCI--nTS1a5Dw,Dezinicht【Æž!フヒフム 海外アカウント】,121000,50982534,260
2026-09-19 18:00,UCfh08MHIzScBQKh5OuG2ofA,Somen ball,165000,61380931,118
2026-09-19 18:00,UCyedH2V27OuhZclf5wfXhlg,Spheria,131000,92420633,67
2026-09-19 18:00,UCfe4nCMqfTwoiMmIGqAolcQ,りょうデス,24000,15252568,891
2026-09-20 00:00,UC0oyndW7j5GS5NIb8ww7cxw,AST.アオスト Polandball,3670,1755279,32
2026-09-20 00:00,UCfJp9c3kSkIjYFevd2G1RKg,くろまめ,16900,16237887,80
2026-09-20 00:00,UCIqROVo0xBJfh5h6cQyPm7Q,日本猫耳版ボール【目標9000人】,12900,3930596,226
2026-09-20 00:00,UC1swbrz9S2VKVABS673ACgQ,áíš!aispoaporu,138000,94816944,1054
2026-09-20 00:00,UC9EPL3fLMARICtvoL6NGMBA,AJ ball,3510,1523267,39
2026-09-20 00:00,UCQySCPjitaeZQqbgcKcofeQ,Dotto edit,11900,8378957,63
2026-09-20 00:00,UCEJRQBqXi3z3UXnHdueIvJg,F丸,33900,29885869,91
2026-09-20 00:00,UCZ-zUkkdNTYAYDgkDyeb_hA,JP-BALL,439000,166164122,128
2026-09-20 00:00,UCa-Pej_sn8Uw_mwXLKZiuIg,MOON-BALL,222000,39127805,28
2026-09-20 00:00,UC4bqMpF49ebuiF4TbJvFmyw,Opera_cb,190000,88130460,142
2026-09-20 00:00,UC61bxgiYRsBGZ04-x_M8zFw,Past_Ball,7770,3542377,214
2026-09-20 00:00,UCGueqNQmvtQYlGO3UL3Gf3w,udonball,6910,1238893,119
2026-09-20 00:00,UCYs_v0vuLKeCI--nTS1a5Dw,Dezinicht【Æž!フヒフム 海外アカウント】,121000,50982534,260
2026-09-20 00:00,UCfh08MHIzScBQKh5OuG2ofA,Somen ball,165000,61380931,118
2026-09-20 00:00,UCyedH2V27OuhZclf5wfXhlg,Spheria,131000,92420633,67
2026-09-20 00:00,UCfe4nCMqfTwoiMmIGqAolcQ,りょうデス,24000,15252568,891
2026-09-20 06:00,UC0oyndW7j5GS5NIb8ww7cxw,AST.アオスト Polandball,3670,1755815,32
2026-09-20 06:00,UCfJp9c3kSkIjYFevd2G1RKg,くろまめ,16900,16289417,80
2026-09-20 06:00,UCIqROVo0xBJfh5h6cQyPm7Q,日本猫耳版ボール【目標9000人】,12900,3930596,226
2026-09-20 06:00,UC1swbrz9S2VKVABS673ACgQ,áíš!aispoaporu,138000,94848048,1054
2026-09-20 06:00,UC9EPL3fLMARICtvoL6NGMBA,AJ ball,3510,1523494,39
2026-09-20 06:00,UCQySCPjitaeZQqbgcKcofeQ,Dotto edit,11900,8392662,63
2026-09-20 06:00,UCEJRQBqXi3z3UXnHdueIvJg,F丸,33900,29946788,91
2026-09-20 06:00,UCZ-zUkkdNTYAYDgkDyeb_hA,JP-BALL,439000,166175041,128
2026-09-20 06:00,UCa-Pej_sn8Uw_mwXLKZiuIg,MOON-BALL,222000,39145371,28
2026-09-20 06:00,UC4bqMpF49ebuiF4TbJvFmyw,Opera_cb,190000,88151180,142
2026-09-20 06:00,UC61bxgiYRsBGZ04-x_M8zFw,Past_Ball,7760,3544120,214
2026-09-20 06:00,UCGueqNQmvtQYlGO3UL3Gf3w,udonball,6910,1239235,119
2026-09-20 06:00,UCYs_v0vuLKeCI--nTS1a5Dw,Dezinicht【Æž!フヒフム 海外アカウント】,121000,51084121,260
2026-09-20 06:00,UCfh08MHIzScBQKh5OuG2ofA,Somen ball,165000,61391338,118
2026-09-20 06:00,UCyedH2V27OuhZclf5wfXhlg,Spheria,131000,92426093,67
2026-09-20 06:00,UCfe4nCMqfTwoiMmIGqAolcQ,りょうデス,24000,15252784,891
2026-09-20 12:00,UC0oyndW7j5GS5NIb8ww7cxw,AST.アオスト Polandball,3670,1756409,32
2026-09-20 12:00,UCfJp9c3kSkIjYFevd2G1RKg,くろまめ,16800,16289417,80
2026-09-20 12:00,UCIqROVo0xBJfh5h6cQyPm7Q,日本猫耳版ボール【目標9000人】,12900,3930683,226
2026-09-20 12:00,UC1swbrz9S2VKVABS673ACgQ,áíš!aispoaporu,137000,94900722,1054
2026-09-20 12:00,UC9EPL3fLMARICtvoL6NGMBA,AJ ball,3510,1523494,39
2026-09-20 12:00,UCQySCPjitaeZQqbgcKcofeQ,Dotto edit,11100,8392662,63
2026-09-20 12:00,UCEJRQBqXi3z3UXnHdueIvJg,F丸,33600,29946788,91
2026-09-20 12:00,UCZ-zUkkdNTYAYDgkDyeb_hA,JP-BALL,438000,166192929,128
2026-09-20 12:00,UCa-Pej_sn8Uw_mwXLKZiuIg,MOON-BALL,214000,39145371,28
2026-09-20 12:00,UC4bqMpF49ebuiF4TbJvFmyw,Opera_cb,190000,88197898,142
2026-09-20 12:00,UC61bxgiYRsBGZ04-x_M8zFw,Past_Ball,7700,3546658,214
2026-09-20 12:00,UCGueqNQmvtQYlGO3UL3Gf3w,udonball,6910,1239765,119
2026-09-20 12:00,UCYs_v0vuLKeCI--nTS1a5Dw,Dezinicht【Æž!フヒフム 海外アカウント】,116000,51084121,262
2026-09-20 12:00,UCfh08MHIzScBQKh5OuG2ofA,Somen ball,164000,61413098,119
2026-09-20 12:00,UCyedH2V27OuhZclf5wfXhlg,Spheria,131000,92441431,67
2026-09-20 12:00,UCfe4nCMqfTwoiMmIGqAolcQ,りょうデス,24000,15252784,891
2026-09-20 18:00,UC0oyndW7j5GS5NIb8ww7cxw,AST.アオスト Polandball,3660,1756409,32
2026-09-20 18:00,UCfJp9c3kSkIjYFevd2G1RKg,くろまめ,16900,16346198,81
2026-09-20 18:00,UCIqROVo0xBJfh5h6cQyPm7Q,日本猫耳版ボール【目標9000人】,12900,3930872,226
2026-09-20 18:00,UC1swbrz9S2VKVABS673ACgQ,áíš!aispoaporu,137000,94900722,1055
2026-09-20 18:00,UC9EPL3fLMARICtvoL6NGMBA,AJ ball,3510,1523880,39
2026-09-20 18:00,UCQySCPjitaeZQqbgcKcofeQ,Dotto edit,11100,8411337,63
2026-09-20 18:00,UCEJRQBqXi3z3UXnHdueIvJg,F丸,33600,30024401,90
2026-09-20 18:00,UCZ-zUkkdNTYAYDgkDyeb_hA,JP-BALL,438000,166192929,128
2026-09-20 18:00,UCa-Pej_sn8Uw_mwXLKZiuIg,MOON-BALL,214000,39181330,28
2026-09-20 18:00,UC4bqMpF49ebuiF4TbJvFmyw,Opera_cb,190000,88197898,142
2026-09-20 18:00,UC61bxgiYRsBGZ04-x_M8zFw,Past_Ball,7710,3546658,214
2026-09-20 18:00,UCGueqNQmvtQYlGO3UL3Gf3w,udonball,6910,1239765,119
2026-09-20 18:00,UCYs_v0vuLKeCI--nTS1a5Dw,Dezinicht【Æž!フヒフム 海外アカウント】,116000,51263963,262
2026-09-20 18:00,UCfh08MHIzScBQKh5OuG2ofA,Somen ball,164000,61413098,119
2026-09-20 18:00,UCyedH2V27OuhZclf5wfXhlg,Spheria,131000,92441431,67
2026-09-20 18:00,UCfe4nCMqfTwoiMmIGqAolcQ,りょうデス,24000,15253345,891
2026-09-21 00:00,UC0oyndW7j5GS5NIb8ww7cxw,AST.アオスト Polandball,3670,1756920,32
2026-09-21 00:00,UCfJp9c3kSkIjYFevd2G1RKg,くろまめ,16900,16367287,81
2026-09-21 00:00,UCIqROVo0xBJfh5h6cQyPm7Q,日本猫耳版ボール【目標9000人】,12900,3930872,226
2026-09-21 00:00,UC1swbrz9S2VKVABS673ACgQ,áíš!aispoaporu,137000,94901310,1055
2026-09-21 00:00,UC9EPL3fLMARICtvoL6NGMBA,AJ ball,3480,1523880,39
2026-09-21 00:00,UCQySCPjitaeZQqbgcKcofeQ,Dotto edit,11200,8419838,63
2026-09-21 00:00,UCEJRQBqXi3z3UXnHdueIvJg,F丸,33600,30036693,91
2026-09-21 00:00,UCZ-zUkkdNTYAYDgkDyeb_hA,JP-BALL,438000,166201678,128
2026-09-21 00:00,UCa-Pej_sn8Uw_mwXLKZiuIg,MOON-BALL,214000,39205484,28
2026-09-21 00:00,UC4bqMpF49ebuiF4TbJvFmyw,Opera_cb,190000,88197898,142
2026-09-21 00:00,UC61bxgiYRsBGZ04-x_M8zFw,Past_Ball,7710,3547700,214
2026-09-21 00:00,UCGueqNQmvtQYlGO3UL3Gf3w,udonball,6890,1239765,119
2026-09-21 00:00,UCYs_v0vuLKeCI--nTS1a5Dw,Dezinicht【Æž!フヒフム 海外アカウント】,116000,51351202,261
2026-09-21 00:00,UCfh08MHIzScBQKh5OuG2ofA,Somen ball,164000,61423323,120
2026-09-21 00:00,UCyedH2V27OuhZclf5wfXhlg,Spheria,131000,92446449,67
2026-09-21 00:00,UCfe4nCMqfTwoiMmIGqAolcQ,りょうデス,24000,15253560,891
2026-09-21 06:00,UC0oyndW7j5GS5NIb8ww7cxw,AST.アオスト Polandball,3670,1756920,32
2026-09-21 06:00,UCfJp9c3kSkIjYFevd2G1RKg,くろまめ,16900,16367287,81
2026-09-21 06:00,UCIqROVo0xBJfh5h6cQyPm7Q,日本猫耳版ボール【目標9000人】,12900,3931048,226
2026-09-21 06:00,UC1swbrz9S2VKVABS673ACgQ,áíš!aispoaporu,137000,94901310,1055
2026-09-21 06:00,UC9EPL3fLMARICtvoL6NGMBA,AJ ball,3480,1524115,39
2026-09-21 06:00,UCQySCPjitaeZQqbgcKcofeQ,Dotto edit,11200,8419838,63
2026-09-21 06:00,UCEJRQBqXi3z3UXnHdueIvJg,F丸,33600,30036693,91
2026-09-21 06:00,UCZ-zUkkdNTYAYDgkDyeb_hA,JP-BALL,438000,166201678,128
2026-09-21 06:00,UCa-Pej_sn8Uw_mwXLKZiuIg,MOON-BALL,214000,39205484,28
2026-09-21 06:00,UC4bqMpF49ebuiF4TbJvFmyw,Opera_cb,190000,88218451,142
2026-09-21 06:00,UC61bxgiYRsBGZ04-x_M8zFw,Past_Ball,7710,3547700,214
2026-09-21 06:00,UCGueqNQmvtQYlGO3UL3Gf3w,udonball,6890,1239922,119
2026-09-21 06:00,UCYs_v0vuLKeCI--nTS1a5Dw,Dezinicht【Æž!フヒフム 海外アカウント】,116000,51351202,261
2026-09-21 06:00,UCfh08MHIzScBQKh5OuG2ofA,Somen ball,164000,61423323,120
2026-09-21 06:00,UCyedH2V27OuhZclf5wfXhlg,Spheria,131000,92446449,67
2026-09-21 06:00,UCfe4nCMqfTwoiMmIGqAolcQ,りょうデス,24000,15253560,891
2026-09-21 12:00,UC0oyndW7j5GS5NIb8ww7cxw,AST.アオスト Polandball,3670,1756920,32
2026-09-21 12:00,UCfJp9c3kSkIjYFevd2G1RKg,くろまめ,17100,16367287,81
2026-09-21 12:00,UCIqROVo0xBJfh5h6cQyPm7Q,日本猫耳版ボール【目標9000人】,12900,3931048,226
2026-09-21 12:00,UC1swbrz9S2VKVABS673ACgQ,áíš!aispoaporu,138000,94901310,1055
2026-09-21 12:00,UC9EPL3fLMARICtvoL6NGMBA,AJ ball,3510,1524115,39
2026-09-21 12:00,UCQySCPjitaeZQqbgcKcofeQ,Dotto edit,12000,8419838,63
2026-09-21 12:00,UCEJRQBqXi3z3UXnHdueIvJg,F丸,33900,30036693,91
2026-09-21 12:00,UCZ-zUkkdNTYAYDgkDyeb_hA,JP-BALL,439000,166201678,128
2026-09-21 12:00,UCa-Pej_sn8Uw_mwXLKZiuIg,MOON-BALL,222000,39205484,28
2026-09-21 12:00,UC4bqMpF49ebuiF4TbJvFmyw,Opera_cb,190000,88218451,142
2026-09-21 12:00,UC61bxgiYRsBGZ04-x_M8zFw,Past_Ball,7790,3547700,214
2026-09-21 12:00,UCGueqNQmvtQYlGO3UL3Gf3w,udonball,6890,1239922,119
2026-09-21 12:00,UCYs_v0vuLKeCI--nTS1a5Dw,Dezinicht【Æž!フヒフム 海外アカウント】,122000,51351202,261
2026-09-21 12:00,UCfh08MHIzScBQKh5OuG2ofA,Somen ball,165000,61423323,119
2026-09-21 12:00,UCyedH2V27OuhZclf5wfXhlg,Spheria,131000,92446449,67
2026-09-21 12:00,UCfe4nCMqfTwoiMmIGqAolcQ,りょうデス,24000,15253560,891
2026-09-21 18:00,UC0oyndW7j5GS5NIb8ww7cxw,AST.アオスト Polandball,3680,1756920,32
2026-09-21 18:00,UCfJp9c3kSkIjYFevd2G1RKg,くろまめ,17100,16367287,82
2026-09-21 18:00,UCIqROVo0xBJfh5h6cQyPm7Q,日本猫耳版ボール【目標9000人】,12900,3931048,226
2026-09-21 18:00,UC1swbrz9S2VKVABS673ACgQ,áíš!aispoaporu,138000,94901310,1055
2026-09-21 18:00,UC9EPL3fLMARICtvoL6NGMBA,AJ ball,3520,1524115,39
2026-09-21 18:00,UCQySCPjitaeZQqbgcKcofeQ,Dotto edit,12000,8419838,63
2026-09-21 18:00,UCEJRQBqXi3z3UXnHdueIvJg,F丸,33900,30036693,91
2026-09-21 18:00,UCZ-zUkkdNTYAYDgkDyeb_hA,JP-BALL,439000,166201678,128
2026-09-21 18:00,UCa-Pej_sn8Uw_mwXLKZiuIg,MOON-BALL,223000,39205484,28
2026-09-21 18:00,UC4bqMpF49ebuiF4TbJvFmyw,Opera_cb,190000,88218451,142
2026-09-21 18:00,UC61bxgiYRsBGZ04-x_M8zFw,Past_Ball,7790,3547700,214
2026-09-21 18:00,UCGueqNQmvtQYlGO3UL3Gf3w,udonball,6910,1239922,119
2026-09-21 18:00,UCYs_v0vuLKeCI--nTS1a5Dw,Dezinicht【Æž!フヒフム 海外アカウント】,122000,51351202,261
2026-09-21 18:00,UCfh08MHIzScBQKh5OuG2ofA,Somen ball,165000,61423323,115
2026-09-21 18:00,UCyedH2V27OuhZclf5wfXhlg,Spheria,131000,92446449,67
2026-09-21 18:00,UCfe4nCMqfTwoiMmIGqAolcQ,りょうデス,24000,15253560,891
2026-09-22 00:00,UC0oyndW7j5GS5NIb8ww7cxw,AST.アオスト Polandball,3680,1758137,32
2026-09-22 00:00,UCfJp9c3kSkIjYFevd2G1RKg,くろまめ,17100,16367287,82
2026-09-22 00:00,UCIqROVo0xBJfh5h6cQyPm7Q,日本猫耳版ボール【目標9000人】,12900,3931389,226
2026-09-22 00:00,UC1swbrz9S2VKVABS673ACgQ,áíš!aispoaporu,138000,94901310,1055
2026-09-22 00:00,UC9EPL3fLMARICtvoL6NGMBA,AJ ball,3520,1524115,39
2026-09-22 00:00,UCQySCPjitaeZQqbgcKcofeQ,Dotto edit,12000,8450512,63
2026-09-22 00:00,UCEJRQBqXi3z3UXnHdueIvJg,F丸,33900,30052626,91
2026-09-22 00:00,UCZ-zUkkdNTYAYDgkDyeb_hA,JP-BALL,439000,166201678,128
2026-09-22 00:00,UCa-Pej_sn8Uw_mwXLKZiuIg,MOON-BALL,223000,39205484,28
2026-09-22 00:00,UC4bqMpF49ebuiF4TbJvFmyw,Opera_cb,190000,88218451,142
2026-09-22 00:00,UC61bxgiYRsBGZ04-x_M8zFw,Past_Ball,7790,3550244,214
2026-09-22 00:00,UCGueqNQmvtQYlGO3UL3Gf3w,udonball,6910,1239922,119
2026-09-22 00:00,UCYs_v0vuLKeCI--nTS1a5Dw,Dezinicht【Æž!フヒフム 海外アカウント】,122000,51417921,261
2026-09-22 00:00,UCfh08MHIzScBQKh5OuG2ofA,Somen ball,165000,61451264,117
2026-09-22 00:00,UCyedH2V27OuhZclf5wfXhlg,Spheria,131000,92461956,67
2026-09-22 00:00,UCfe4nCMqfTwoiMmIGqAolcQ,りょうデス,24000,15254077,891
2026-09-22 06:00,UC0oyndW7j5GS5NIb8ww7cxw,AST.アオスト Polandball,3680,1758137,32
2026-09-22 06:00,UCfJp9c3kSkIjYFevd2G1RKg,くろまめ,17100,16424218,82
2026-09-22 06:00,UCIqROVo0xBJfh5h6cQyPm7Q,日本猫耳版ボール【目標9000人】,12900,3931389,226
2026-09-22 06:00,UC1swbrz9S2VKVABS673ACgQ,áíš!aispoaporu,138000,94945598,1055
2026-09-22 06:00,UC9EPL3fLMARICtvoL6NGMBA,AJ ball,3520,1524624,39
2026-09-22 06:00,UCQySCPjitaeZQqbgcKcofeQ,Dotto edit,12000,8450512,63
2026-09-22 06:00,UCEJRQBqXi3z3UXnHdueIvJg,F丸,33900,30052626,91
2026-09-22 06:00,UCZ-zUkkdNTYAYDgkDyeb_hA,JP-BALL,439000,166229029,128
2026-09-22 06:00,UCa-Pej_sn8Uw_mwXLKZiuIg,MOON-BALL,223000,39260708,28
2026-09-22 06:00,UC4bqMpF49ebuiF4TbJvFmyw,Opera_cb,190000,88273873,142
2026-09-22 06:00,UC61bxgiYRsBGZ04-x_M8zFw,Past_Ball,7790,3550244,214
2026-09-22 06:00,UCGueqNQmvtQYlGO3UL3Gf3w,udonball,6910,1240613,119
2026-09-22 06:00,UCYs_v0vuLKeCI--nTS1a5Dw,Dezinicht【Æž!フヒフム 海外アカウント】,122000,51417921,261
2026-09-22 06:00,UCfh08MHIzScBQKh5OuG2ofA,Somen ball,165000,61451264,117
2026-09-22 06:00,UCyedH2V27OuhZclf5wfXhlg,Spheria,131000,92461956,67
2026-09-22 06:00,UCfe4nCMqfTwoiMmIGqAolcQ,りょうデス,24000,15254077,891
2026-09-22 12:00,UC0oyndW7j5GS5NIb8ww7cxw,AST.アオスト Polandball,3680,1758137,32
2026-09-22 12:00,UCfJp9c3kSkIjYFevd2G1RKg,くろまめ,17100,16424218,82
2026-09-22 12:00,UCIqROVo0xBJfh5h6cQyPm7Q,日本猫耳版ボール【目標9000人】,12900,3931389,226
2026-09-22 12:00,UC1swbrz9S2VKVABS673ACgQ,áíš!aispoaporu,138000,94945598,1055
2026-09-22 12:00,UC9EPL3fLMARICtvoL6NGMBA,AJ ball,3520,1524624,39
2026-09-22 12:00,UCQySCPjitaeZQqbgcKcofeQ,Dotto edit,12000,8450512,63
2026-09-22 12:00,UCEJRQBqXi3z3UXnHdueIvJg,F丸,33900,30052626,91
2026-09-22 12:00,UCZ-zUkkdNTYAYDgkDyeb_hA,JP-BALL,439000,166229029,128
2026-09-22 12:00,UCa-Pej_sn8Uw_mwXLKZiuIg,MOON-BALL,223000,39260708,28
2026-09-22 12:00,UC4bqMpF49ebuiF4TbJvFmyw,Opera_cb,190000,88273873,142
2026-09-22 12:00,UC61bxgiYRsBGZ04-x_M8zFw,Past_Ball,7800,3550244,214
2026-09-22 12:00,UCGueqNQmvtQYlGO3UL3Gf3w,udonball,6910,1240613,119
2026-09-22 12:00,UCYs_v0vuLKeCI--nTS1a5Dw,Dezinicht【Æž!フヒフム 海外アカウント】,122000,51417921,261
2026-09-22 12:00,UCfh08MHIzScBQKh5OuG2ofA,Somen ball,165000,61451264,118
2026-09-22 12:00,UCyedH2V27OuhZclf5wfXhlg,Spheria,131000,92461956,67
2026-09-22 12:00,UCfe4nCMqfTwoiMmIGqAolcQ,りょうデス,24000,15254077,891
2026-09-22 18:00,UC0oyndW7j5GS5NIb8ww7cxw,AST.アオスト Polandball,3680,1758778,32
2026-09-22 18:00,UCfJp9c3kSkIjYFevd2G1RKg,くろまめ,17200,16458390,82
2026-09-22 18:00,UCIqROVo0xBJfh5h6cQyPm7Q,日本猫耳版ボール【目標9000人】,12900,3931558,226
2026-09-22 18:00,UC1swbrz9S2VKVABS673ACgQ,áíš!aispoaporu,138000,94964153,1056
2026-09-22 18:00,UC9EPL3fLMARICtvoL6NGMBA,AJ ball,3510,1524911,39
2026-09-22 18:00,UCQySCPjitaeZQqbgcKcofeQ,Dotto edit,12000,8461231,63
2026-09-22 18:00,UCEJRQBqXi3z3UXnHdueIvJg,F丸,33900,30057905,91
2026-09-22 18:00,UCZ-zUkkdNTYAYDgkDyeb_hA,JP-BALL,439000,166245340,128
2026-09-22 18:00,UCa-Pej_sn8Uw_mwXLKZiuIg,MOON-BALL,223000,39289167,28
2026-09-22 18:00,UC4bqMpF49ebuiF4TbJvFmyw,Opera_cb,190000,88307266,142
2026-09-22 18:00,UC61bxgiYRsBGZ04-x_M8zFw,Past_Ball,7800,3551429,214
2026-09-22 18:00,UCGueqNQmvtQYlGO3UL3Gf3w,udonball,6910,1241026,119
2026-09-22 18:00,UCYs_v0vuLKeCI--nTS1a5Dw,Dezinicht【Æž!フヒフム 海外アカウント】,122000,51519276,261
2026-09-22 18:00,UCfh08MHIzScBQKh5OuG2ofA,Somen ball,165000,61377524,119
2026-09-22 18:00,UCyedH2V27OuhZclf5wfXhlg,Spheria,131000,92468333,67
2026-09-22 18:00,UCfe4nCMqfTwoiMmIGqAolcQ,りょうデス,24000,15255047,891
2026-09-23 00:00,UC0oyndW7j5GS5NIb8ww7cxw,AST.アオスト Polandball,3680,1758778,32
2026-09-23 00:00,UCfJp9c3kSkIjYFevd2G1RKg,くろまめ,17200,16469069,82
2026-09-23 00:00,UCIqROVo0xBJfh5h6cQyPm7Q,日本猫耳版ボール【目標9000人】,12900,3931621,226
2026-09-23 00:00,UC1swbrz9S2VKVABS673ACgQ,áíš!aispoaporu,138000,94974736,1056
2026-09-23 00:00,UC9EPL3fLMARICtvoL6NGMBA,AJ ball,3510,1524911,39
2026-09-23 00:00,UCQySCPjitaeZQqbgcKcofeQ,Dotto edit,12000,8464580,63
2026-09-23 00:00,UCEJRQBqXi3z3UXnHdueIvJg,F丸,33900,30060437,91
2026-09-23 00:00,UCZ-zUkkdNTYAYDgkDyeb_hA,JP-BALL,439000,166245340,128
2026-09-23 00:00,UCa-Pej_sn8Uw_mwXLKZiuIg,MOON-BALL,223000,39289167,28
2026-09-23 00:00,UC4bqMpF49ebuiF4TbJvFmyw,Opera_cb,190000,88307266,142
2026-09-23 00:00,UC61bxgiYRsBGZ04-x_M8zFw,Past_Ball,7800,3551868,214
2026-09-23 00:00,UCGueqNQmvtQYlGO3UL3Gf3w,udonball,6910,1241167,119
2026-09-23 00:00,UCYs_v0vuLKeCI--nTS1a5Dw,Dezinicht【Æž!フヒフム 海外アカウント】,122000,51560724,261
2026-09-23 00:00,UCfh08MHIzScBQKh5OuG2ofA,Somen ball,165000,61377524,120
2026-09-23 00:00,UCyedH2V27OuhZclf5wfXhlg,Spheria,131000,92470811,67
2026-09-23 00:00,UCfe4nCMqfTwoiMmIGqAolcQ,りょうデス,24000,15255047,891
2026-09-23 06:00,UC0oyndW7j5GS5NIb8ww7cxw,AST.アオスト Polandball,3680,1759034,32
2026-09-23 06:00,UCfJp9c3kSkIjYFevd2G1RKg,くろまめ,17200,16484444,82
2026-09-23 06:00,UCIqROVo0xBJfh5h6cQyPm7Q,日本猫耳版ボール【目標9000人】,12900,3931649,226
2026-09-23 06:00,UC1swbrz9S2VKVABS673ACgQ,áíš!aispoaporu,138000,94982705,1056
2026-09-23 06:00,UC9EPL3fLMARICtvoL6NGMBA,AJ ball,3510,1525000,39
2026-09-23 06:00,UCQySCPjitaeZQqbgcKcofeQ,Dotto edit,12000,8466365,63
2026-09-23 06:00,UCEJRQBqXi3z3UXnHdueIvJg,F丸,33900,30062741,91
2026-09-23 06:00,UCZ-zUkkdNTYAYDgkDyeb_hA,JP-BALL,439000,166250164,128
2026-09-23 06:00,UCa-Pej_sn8Uw_mwXLKZiuIg,MOON-BALL,223000,39295397,28
2026-09-23 06:00,UC4bqMpF49ebuiF4TbJvFmyw,Opera_cb,191000,88315782,142
2026-09-23 06:00,UC61bxgiYRsBGZ04-x_M8zFw,Past_Ball,7800,3552400,214
2026-09-23 06:00,UCGueqNQmvtQYlGO3UL3Gf3w,udonball,6910,1241351,119
2026-09-23 06:00,UCYs_v0vuLKeCI--nTS1a5Dw,Dezinicht【Æž!フヒフム 海外アカウント】,122000,51593921,261
2026-09-23 06:00,UCfh08MHIzScBQKh5OuG2ofA,Somen ball,165000,61378038,120
2026-09-23 06:00,UCyedH2V27OuhZclf5wfXhlg,Spheria,131000,92472573,67
2026-09-23 06:00,UCfe4nCMqfTwoiMmIGqAolcQ,りょうデス,24000,15255289,891
2026-09-23 12:00,UC0oyndW7j5GS5NIb8ww7cxw,AST.アオスト Polandball,3690,1759034,32
2026-09-23 12:00,UCfJp9c3kSkIjYFevd2G1RKg,くろまめ,17200,16504593,82
2026-09-23 12:00,UCIqROVo0xBJfh5h6cQyPm7Q,日本猫耳版ボール【目標9000人】,12900,3931649,226
2026-09-23 12:00,UC1swbrz9S2VKVABS673ACgQ,áíš!aispoaporu,138000,94982705,1056
2026-09-23 12:00,UC9EPL3fLMARICtvoL6NGMBA,AJ ball,3510,1525215,39
2026-09-23 12:00,UCQySCPjitaeZQqbgcKcofeQ,Dotto edit,12000,8469521,63
2026-09-23 12:00,UCEJRQBqXi3z3UXnHdueIvJg,F丸,33900,30066799,91
2026-09-23 12:00,UCZ-zUkkdNTYAYDgkDyeb_hA,JP-BALL,439000,166259867,128
2026-09-23 12:00,UCa-Pej_sn8Uw_mwXLKZiuIg,MOON-BALL,223000,39307156,28
2026-09-23 12:00,UC4bqMpF49ebuiF4TbJvFmyw,Opera_cb,191000,88315782,142
2026-09-23 12:00,UC61bxgiYRsBGZ04-x_M8zFw,Past_Ball,7800,3552400,214
2026-09-23 12:00,UCGueqNQmvtQYlGO3UL3Gf3w,udonball,6910,1241351,119
2026-09-23 12:00,UCYs_v0vuLKeCI--nTS1a5Dw,Dezinicht【Æž!フヒフム 海外アカウント】,122000,51660273,261
2026-09-23 12:00,UCfh08MHIzScBQKh5OuG2ofA,Somen ball,165000,61378038,120
2026-09-23 12:00,UCyedH2V27OuhZclf5wfXhlg,Spheria,131000,92472573,67
2026-09-23 12:00,UCfe4nCMqfTwoiMmIGqAolcQ,りょうデス,24000,15255289,891
2026-09-23 18:00,UC0oyndW7j5GS5NIb8ww7cxw,AST.アオスト Polandball,3690,1759474,32
2026-09-23 18:00,UCfJp9c3kSkIjYFevd2G1RKg,くろまめ,17200,16504593,83
2026-09-23 18:00,UCIqROVo0xBJfh5h6cQyPm7Q,日本猫耳版ボール【目標9000人】,12900,3931755,226
2026-09-23 18:00,UC1swbrz9S2VKVABS673ACgQ,áíš!aispoaporu,138000,95011139,1057
2026-09-23 18:00,UC9EPL3fLMARICtvoL6NGMBA,AJ ball,3510,1525215,39
2026-09-23 18:00,UCQySCPjitaeZQqbgcKcofeQ,Dotto edit,12000,8469521,63
2026-09-23 18:00,UCEJRQBqXi3z3UXnHdueIvJg,F丸,33900,30066799,91
2026-09-23 18:00,UCZ-zUkkdNTYAYDgkDyeb_hA,JP-BALL,439000,166259867,128
2026-09-23 18:00,UCa-Pej_sn8Uw_mwXLKZiuIg,MOON-BALL,223000,39307156,28
2026-09-23 18:00,UC4bqMpF49ebuiF4TbJvFmyw,Opera_cb,191000,88337336,142
2026-09-23 18:00,UC61bxgiYRsBGZ04-x_M8zFw,Past_Ball,7800,3553385,214
2026-09-23 18:00,UCGueqNQmvtQYlGO3UL3Gf3w,udonball,6910,1241721,119
2026-09-23 18:00,UCYs_v0vuLKeCI--nTS1a5Dw,Dezinicht【Æž!フヒフム 海外アカウント】,122000,51660273,261
2026-09-23 18:00,UCfh08MHIzScBQKh5OuG2ofA,Somen ball,165000,61518848,120
2026-09-23 18:00,UCyedH2V27OuhZclf5wfXhlg,Spheria,131000,92477627,67
2026-09-23 18:00,UCfe4nCMqfTwoiMmIGqAolcQ,りょうデス,24000,15255625,891
2026-09-24 00:00,UC0oyndW7j5GS5NIb8ww7cxw,AST.アオスト Polandball,3690,1759474,32
2026-09-24 00:00,UCfJp9c3kSkIjYFevd2G1RKg,くろまめ,17200,16504593,83
2026-09-24 00:00,UCIqROVo0xBJfh5h6cQyPm7Q,日本猫耳版ボール【目標9000人】,12900,3931755,226
2026-09-24 00:00,UC1swbrz9S2VKVABS673ACgQ,áíš!aispoaporu,138000,95011139,1057
2026-09-24 00:00,UC9EPL3fLMARICtvoL6NGMBA,AJ ball,3510,1525215,39
2026-09-24 00:00,UCQySCPjitaeZQqbgcKcofeQ,Dotto edit,12000,8469521,63
2026-09-24 00:00,UCEJRQBqXi3z3UXnHdueIvJg,F丸,33900,30066799,91
2026-09-24 00:00,UCZ-zUkkdNTYAYDgkDyeb_hA,JP-BALL,439000,166259867,128
2026-09-24 00:00,UCa-Pej_sn8Uw_mwXLKZiuIg,MOON-BALL,223000,39307156,29
2026-09-24 00:00,UC4bqMpF49ebuiF4TbJvFmyw,Opera_cb,191000,88337336,142
2026-09-24 00:00,UC61bxgiYRsBGZ04-x_M8zFw,Past_Ball,7810,3553385,215
2026-09-24 00:00,UCGueqNQmvtQYlGO3UL3Gf3w,udonball,6910,1241721,119
2026-09-24 00:00,UCYs_v0vuLKeCI--nTS1a5Dw,Dezinicht【Æž!フヒフム 海外アカウント】,122000,51660273,261
2026-09-24 00:00,UCfh08MHIzScBQKh5OuG2ofA,Somen ball,165000,61518848,119
2026-09-24 00:00,UCyedH2V27OuhZclf5wfXhlg,Spheria,131000,92477627,67
2026-09-24 00:00,UCfe4nCMqfTwoiMmIGqAolcQ,りょうデス,24000,15255625,891
2026-09-24 06:00,UC0oyndW7j5GS5NIb8ww7cxw,AST.アオスト Polandball,3690,1760015,32
2026-09-24 06:00,UCfJp9c3kSkIjYFevd2G1RKg,くろまめ,17200,16523048,83
2026-09-24 06:00,UCIqROVo0xBJfh5h6cQyPm7Q,日本猫耳版ボール【目標9000人】,12900,3931898,226
2026-09-24 06:00,UC1swbrz9S2VKVABS673ACgQ,áíš!aispoaporu,138000,95042749,1057
2026-09-24 06:00,UC9EPL3fLMARICtvoL6NGMBA,AJ ball,3510,1525488,39
2026-09-24 06:00,UCQySCPjitaeZQqbgcKcofeQ,Dotto edit,12000,8474300,63
2026-09-24 06:00,UCEJRQBqXi3z3UXnHdueIvJg,F丸,33900,30071729,91
2026-09-24 06:00,UCZ-zUkkdNTYAYDgkDyeb_hA,JP-BALL,439000,166273661,128
2026-09-24 06:00,UCa-Pej_sn8Uw_mwXLKZiuIg,MOON-BALL,223000,39324189,29
2026-09-24 06:00,UC4bqMpF49ebuiF4TbJvFmyw,Opera_cb,191000,88361683,142
2026-09-24 06:00,UC61bxgiYRsBGZ04-x_M8zFw,Past_Ball,7810,3554638,215
2026-09-24 06:00,UCGueqNQmvtQYlGO3UL3Gf3w,udonball,6910,1242188,119
2026-09-24 06:00,UCYs_v0vuLKeCI--nTS1a5Dw,Dezinicht【Æž!フヒフム 海外アカウント】,122000,51749376,261
2026-09-24 06:00,UCfh08MHIzScBQKh5OuG2ofA,Somen ball,165000,61549503,119
2026-09-24 06:00,UCyedH2V27OuhZclf5wfXhlg,Spheria,131000,92483558,67
2026-09-24 06:00,UCfe4nCMqfTwoiMmIGqAolcQ,りょうデス,24000,15255919,891
2026-09-24 12:00,UC0oyndW7j5GS5NIb8ww7cxw,AST.アオスト Polandball,3690,1760015,32
2026-09-24 12:00,UCfJp9c3kSkIjYFevd2G1RKg,くろまめ,17200,16523048,83
2026-09-24 12:00,UCIqROVo0xBJfh5h6cQyPm7Q,日本猫耳版ボール【目標9000人】,12900,3931898,226
2026-09-24 12:00,UC1swbrz9S2VKVABS673ACgQ,áíš!aispoaporu,138000,95042749,1057
2026-09-24 12:00,UC9EPL3fLMARICtvoL6NGMBA,AJ ball,3510,1525488,39
2026-09-24 12:00,UCQySCPjitaeZQqbgcKcofeQ,Dotto edit,12000,8474300,63
2026-09-24 12:00,UCEJRQBqXi3z3UXnHdueIvJg,F丸,33900,30071729,91
2026-09-24 12:00,UCZ-zUkkdNTYAYDgkDyeb_hA,JP-BALL,439000,166273661,128
2026-09-24 12:00,UCa-Pej_sn8Uw_mwXLKZiuIg,MOON-BALL,223000,39333740,29
2026-09-24 12:00,UC4bqMpF49ebuiF4TbJvFmyw,Opera_cb,191000,88361683,142
2026-09-24 12:00,UC61bxgiYRsBGZ04-x_M8zFw,Past_Ball,7810,3554638,215
2026-09-24 12:00,UCGueqNQmvtQYlGO3UL3Gf3w,udonball,6910,1242188,119
2026-09-24 12:00,UCYs_v0vuLKeCI--nTS1a5Dw,Dezinicht【Æž!フヒフム 海外アカウント】,122000,51749376,262
2026-09-24 12:00,UCfh08MHIzScBQKh5OuG2ofA,Somen ball,165000,61569791,119
2026-09-24 12:00,UCyedH2V27OuhZclf5wfXhlg,Spheria,131000,92483558,67
2026-09-24 12:00,UCfe4nCMqfTwoiMmIGqAolcQ,りょうデス,24000,15255919,891
2026-09-24 18:00,UC0oyndW7j5GS5NIb8ww7cxw,AST.アオスト Polandball,3690,1760241,32
2026-09-24 18:00,UCfJp9c3kSkIjYFevd2G1RKg,くろまめ,17200,16539366,84
2026-09-24 18:00,UCIqROVo0xBJfh5h6cQyPm7Q,日本猫耳版ボール【目標9000人】,12900,3931996,226
2026-09-24 18:00,UC1swbrz9S2VKVABS673ACgQ,áíš!aispoaporu,138000,95058984,1057
2026-09-24 18:00,UC9EPL3fLMARICtvoL6NGMBA,AJ ball,3510,1525672,39
2026-09-24 18:00,UCQySCPjitaeZQqbgcKcofeQ,Dotto edit,12000,8477120,64
2026-09-24 18:00,UCEJRQBqXi3z3UXnHdueIvJg,F丸,33900,30075409,91
2026-09-24 18:00,UCZ-zUkkdNTYAYDgkDyeb_hA,JP-BALL,439000,166282638,128
2026-09-24 18:00,UCa-Pej_sn8Uw_mwXLKZiuIg,MOON-BALL,223000,39333740,29
2026-09-24 18:00,UC4bqMpF49ebuiF4TbJvFmyw,Opera_cb,191000,88382913,142
2026-09-24 18:00,UC61bxgiYRsBGZ04-x_M8zFw,Past_Ball,7810,3555672,215
2026-09-24 18:00,UCGueqNQmvtQYlGO3UL3Gf3w,udonball,6910,1242473,119
2026-09-24 18:00,UCYs_v0vuLKeCI--nTS1a5Dw,Dezinicht【Æž!フヒフム 海外アカウント】,122000,51806459,262
2026-09-24 18:00,UCfh08MHIzScBQKh5OuG2ofA,Somen ball,165000,61569791,119
2026-09-24 18:00,UCyedH2V27OuhZclf5wfXhlg,Spheria,131000,92488865,67
2026-09-24 18:00,UCfe4nCMqfTwoiMmIGqAolcQ,りょうデス,24000,15256077,891
2026-09-25 00:00,UC0oyndW7j5GS5NIb8ww7cxw,AST.アオスト Polandball,3690,1760241,32
2026-09-25 00:00,UCfJp9c3kSkIjYFevd2G1RKg,くろまめ,17300,16539366,84
2026-09-25 00:00,UCIqROVo0xBJfh5h6cQyPm7Q,日本猫耳版ボール【目標9000人】,12900,3931996,226
2026-09-25 00:00,UC1swbrz9S2VKVABS673ACgQ,áíš!aispoaporu,138000,95058984,1057
2026-09-25 00:00,UC9EPL3fLMARICtvoL6NGMBA,AJ ball,3510,1525672,39
2026-09-25 00:00,UCQySCPjitaeZQqbgcKcofeQ,Dotto edit,12000,8477120,64
2026-09-25 00:00,UCEJRQBqXi3z3UXnHdueIvJg,F丸,33900,30075409,91
2026-09-25 00:00,UCZ-zUkkdNTYAYDgkDyeb_hA,JP-BALL,439000,166282638,128
2026-09-25 00:00,UCa-Pej_sn8Uw_mwXLKZiuIg,MOON-BALL,223000,39333740,29
2026-09-25 00:00,UC4bqMpF49ebuiF4TbJvFmyw,Opera_cb,191000,88382913,142
2026-09-25 00:00,UC61bxgiYRsBGZ04-x_M8zFw,Past_Ball,7820,3555672,215
2026-09-25 00:00,UCGueqNQmvtQYlGO3UL3Gf3w,udonball,6910,1242473,119
2026-09-25 00:00,UCYs_v0vuLKeCI--nTS1a5Dw,Dezinicht【Æž!フヒフム 海外アカウント】,123000,51806459,262
2026-09-25 00:00,UCfh08MHIzScBQKh5OuG2ofA,Somen ball,165000,61569791,118
2026-09-25 00:00,UCyedH2V27OuhZclf5wfXhlg,Spheria,131000,92488865,67
2026-09-25 00:00,UCfe4nCMqfTwoiMmIGqAolcQ,りょうデス,24000,15256077,891
2026-09-25 06:00,UC0oyndW7j5GS5NIb8ww7cxw,AST.アオスト Polandball,3690,1760241,32
2026-09-25 06:00,UCfJp9c3kSkIjYFevd2G1RKg,くろまめ,17300,16560937,84
2026-09-25 06:00,UCIqROVo0xBJfh5h6cQyPm7Q,日本猫耳版ボール【目標9000人】,12900,3931996,226
2026-09-25 06:00,UC1swbrz9S2VKVABS673ACgQ,áíš!aispoaporu,138000,95084297,1057
2026-09-25 06:00,UC9EPL3fLMARICtvoL6NGMBA,AJ ball,3510,1525672,39
2026-09-25 06:00,UCQySCPjitaeZQqbgcKcofeQ,Dotto edit,12000,8484556,64
2026-09-25 06:00,UCEJRQBqXi3z3UXnHdueIvJg,F丸,33900,30075409,91
2026-09-25 06:00,UCZ-zUkkdNTYAYDgkDyeb_hA,JP-BALL,439000,166282638,128
2026-09-25 06:00,UCa-Pej_sn8Uw_mwXLKZiuIg,MOON-BALL,223000,39333740,29
2026-09-25 06:00,UC4bqMpF49ebuiF4TbJvFmyw,Opera_cb,191000,88402849,142
2026-09-25 06:00,UC61bxgiYRsBGZ04-x_M8zFw,Past_Ball,7820,3560157,215
2026-09-25 06:00,UCGueqNQmvtQYlGO3UL3Gf3w,udonball,6910,1242473,119
2026-09-25 06:00,UCYs_v0vuLKeCI--nTS1a5Dw,Dezinicht【Æž!フヒフム 海外アカウント】,123000,51900238,262
2026-09-25 06:00,UCfh08MHIzScBQKh5OuG2ofA,Somen ball,165000,61574637,118
2026-09-25 06:00,UCyedH2V27OuhZclf5wfXhlg,Spheria,131000,92488865,67
2026-09-25 06:00,UCfe4nCMqfTwoiMmIGqAolcQ,りょうデス,24000,15256077,891
2026-09-25 12:00,UC0oyndW7j5GS5NIb8ww7cxw,AST.アオスト Polandball,3690,1760691,32
2026-09-25 12:00,UCfJp9c3kSkIjYFevd2G1RKg,くろまめ,17300,16560937,84
2026-09-25 12:00,UCIqROVo0xBJfh5h6cQyPm7Q,日本猫耳版ボール【目標9000人】,12900,3932140,226
2026-09-25 12:00,UC1swbrz9S2VKVABS673ACgQ,áíš!aispoaporu,138000,95084297,1057
2026-09-25 12:00,UC9EPL3fLMARICtvoL6NGMBA,AJ ball,3510,1525889,39
2026-09-25 12:00,UCQySCPjitaeZQqbgcKcofeQ,Dotto edit,12000,8484556,64
2026-09-25 12:00,UCEJRQBqXi3z3UXnHdueIvJg,F丸,33900,30079736,91
2026-09-25 12:00,UCZ-zUkkdNTYAYDgkDyeb_hA,JP-BALL,439000,166292445,128
2026-09-25 12:00,UCa-Pej_sn8Uw_mwXLKZiuIg,MOON-BALL,223000,39364006,29
2026-09-25 12:00,UC4bqMpF49ebuiF4TbJvFmyw,Opera_cb,191000,88402849,142
2026-09-25 12:00,UC61bxgiYRsBGZ04-x_M8zFw,Past_Ball,7820,3560157,215
2026-09-25 12:00,UCGueqNQmvtQYlGO3UL3Gf3w,udonball,6910,1242800,119
2026-09-25 12:00,UCYs_v0vuLKeCI--nTS1a5Dw,Dezinicht【Æž!フヒフム 海外アカウント】,123000,51900238,263
2026-09-25 12:00,UCfh08MHIzScBQKh5OuG2ofA,Somen ball,165000,61574637,118
2026-09-25 12:00,UCyedH2V27OuhZclf5wfXhlg,Spheria,131000,92494915,67
2026-09-25 12:00,UCfe4nCMqfTwoiMmIGqAolcQ,りょうデス,24000,15256204,891
2026-09-25 18:00,UC0oyndW7j5GS5NIb8ww7cxw,AST.アオスト Polandball,3690,1760691,32
2026-09-25 18:00,UCfJp9c3kSkIjYFevd2G1RKg,くろまめ,17300,16560937,85
2026-09-25 18:00,UCIqROVo0xBJfh5h6cQyPm7Q,日本猫耳版ボール【目標9000人】,12900,3932140,226
2026-09-25 18:00,UC1swbrz9S2VKVABS673ACgQ,áíš!aispoaporu,139000,95084297,1057
2026-09-25 18:00,UC9EPL3fLMARICtvoL6NGMBA,AJ ball,3510,1525889,39
2026-09-25 18:00,UCQySCPjitaeZQqbgcKcofeQ,Dotto edit,12100,8484556,64
2026-09-25 18:00,UCEJRQBqXi3z3UXnHdueIvJg,F丸,33900,30084567,91
2026-09-25 18:00,UCZ-zUkkdNTYAYDgkDyeb_hA,JP-BALL,439000,166292445,128
2026-09-25 18:00,UCa-Pej_sn8Uw_mwXLKZiuIg,MOON-BALL,223000,39386380,29
2026-09-25 18:00,UC4bqMpF49ebuiF4TbJvFmyw,Opera_cb,191000,88402849,142
2026-09-25 18:00,UC61bxgiYRsBGZ04-x_M8zFw,Past_Ball,7830,3560157,215
2026-09-25 18:00,UCGueqNQmvtQYlGO3UL3Gf3w,udonball,6910,1242800,119
2026-09-25 18:00,UCYs_v0vuLKeCI--nTS1a5Dw,Dezinicht【Æž!フヒフム 海外アカウント】,123000,51900238,262
2026-09-25 18:00,UCfh08MHIzScBQKh5OuG2ofA,Somen ball,165000,61574637,118
2026-09-25 18:00,UCyedH2V27OuhZclf5wfXhlg,Spheria,131000,92494915,67
2026-09-25 18:00,UCfe4nCMqfTwoiMmIGqAolcQ,りょうデス,24000,15256204,891
2026-09-26 00:00,UC0oyndW7j5GS5NIb8ww7cxw,AST.アオスト Polandball,3690,1761521,32
2026-09-26 00:00,UCfJp9c3kSkIjYFevd2G1RKg,くろまめ,17300,16590060,85
2026-09-26 00:00,UCIqROVo0xBJfh5h6cQyPm7Q,日本猫耳版ボール【目標9000人】,12900,3932388,226
2026-09-26 00:00,UC1swbrz9S2VKVABS673ACgQ,áíš!aispoaporu,139000,95107823,1058
2026-09-26 00:00,UC9EPL3fLMARICtvoL6NGMBA,AJ ball,3510,1526155,39
2026-09-26 00:00,UCQySCPjitaeZQqbgcKcofeQ,Dotto edit,12200,8496671,64
2026-09-26 00:00,UCEJRQBqXi3z3UXnHdueIvJg,F丸,33900,30084567,91
2026-09-26 00:00,UCZ-zUkkdNTYAYDgkDyeb_hA,JP-BALL,439000,166304791,128
2026-09-26 00:00,UCa-Pej_sn8Uw_mwXLKZiuIg,MOON-BALL,223000,39386380,29
2026-09-26 00:00,UC4bqMpF49ebuiF4TbJvFmyw,Opera_cb,191000,88435035,142
2026-09-26 00:00,UC61bxgiYRsBGZ04-x_M8zFw,Past_Ball,7840,3562951,216
2026-09-26 00:00,UCGueqNQmvtQYlGO3UL3Gf3w,udonball,6910,1243199,119
2026-09-26 00:00,UCYs_v0vuLKeCI--nTS1a5Dw,Dezinicht【Æž!フヒフム 海外アカウント】,123000,52005077,262
2026-09-26 00:00,UCfh08MHIzScBQKh5OuG2ofA,Somen ball,165000,61445150,117
2026-09-26 00:00,UCyedH2V27OuhZclf5wfXhlg,Spheria,131000,92501588,67
2026-09-26 00:00,UCfe4nCMqfTwoiMmIGqAolcQ,りょうデス,24000,15256613,891
2026-09-26 06:00,UC0oyndW7j5GS5NIb8ww7cxw,AST.アオスト Polandball,3690,1762028,32
2026-09-26 06:00,UCfJp9c3kSkIjYFevd2G1RKg,くろまめ,17300,16607964,85
2026-09-26 06:00,UCIqROVo0xBJfh5h6cQyPm7Q,日本猫耳版ボール【目標9000人】,12900,3932513,226
2026-09-26 06:00,UC1swbrz9S2VKVABS673ACgQ,áíš!aispoaporu,139000,95124311,1058
2026-09-26 06:00,UC9EPL3fLMARICtvoL6NGMBA,AJ ball,3520,1526372,39
2026-09-26 06:00,UCQySCPjitaeZQqbgcKcofeQ,Dotto edit,12200,8513159,64
2026-09-26 06:00,UCEJRQBqXi3z3UXnHdueIvJg,F丸,33900,30088636,91
2026-09-26 06:00,UCZ-zUkkdNTYAYDgkDyeb_hA,JP-BALL,439000,166318109,128
2026-09-26 06:00,UCa-Pej_sn8Uw_mwXLKZiuIg,MOON-BALL,223000,39403947,29
2026-09-26 06:00,UC4bqMpF49ebuiF4TbJvFmyw,Opera_cb,191000,88456051,142
2026-09-26 06:00,UC61bxgiYRsBGZ04-x_M8zFw,Past_Ball,7840,3566514,216
2026-09-26 06:00,UCGueqNQmvtQYlGO3UL3Gf3w,udonball,6910,1243561,119
2026-09-26 06:00,UCYs_v0vuLKeCI--nTS1a5Dw,Dezinicht【Æž!フヒフム 海外アカウント】,123000,52106878,262
2026-09-26 06:00,UCfh08MHIzScBQKh5OuG2ofA,Somen ball,165000,61475468,117
2026-09-26 06:00,UCyedH2V27OuhZclf5wfXhlg,Spheria,131000,92507736,67
2026-09-26 06:00,UCfe4nCMqfTwoiMmIGqAolcQ,りょうデス,24000,15256822,891
2026-09-26 12:00,UC0oyndW7j5GS5NIb8ww7cxw,AST.アオスト Polandball,3690,1762028,32
2026-09-26 12:00,UCfJp9c3kSkIjYFevd2G1RKg,くろまめ,17300,16607964,85
2026-09-26 12:00,UCIqROVo0xBJfh5h6cQyPm7Q,日本猫耳版ボール【目標9000人】,12900,3932513,226
2026-09-26 12:00,UC1swbrz9S2VKVABS673ACgQ,áíš!aispoaporu,139000,95124311,1057
2026-09-26 12:00,UC9EPL3fLMARICtvoL6NGMBA,AJ ball,3520,1526372,39
2026-09-26 12:00,UCQySCPjitaeZQqbgcKcofeQ,Dotto edit,12200,8513159,64
2026-09-26 12:00,UCEJRQBqXi3z3UXnHdueIvJg,F丸,33900,30088636,91
2026-09-26 12:00,UCZ-zUkkdNTYAYDgkDyeb_hA,JP-BALL,439000,166318109,128
2026-09-26 12:00,UCa-Pej_sn8Uw_mwXLKZiuIg,MOON-BALL,223000,39403947,29
2026-09-26 12:00,UC4bqMpF49ebuiF4TbJvFmyw,Opera_cb,191000,88456051,142
2026-09-26 12:00,UC61bxgiYRsBGZ04-x_M8zFw,Past_Ball,7850,3566514,216
2026-09-26 12:00,UCGueqNQmvtQYlGO3UL3Gf3w,udonball,6910,1243561,119
2026-09-26 12:00,UCYs_v0vuLKeCI--nTS1a5Dw,Dezinicht【Æž!フヒフム 海外アカウント】,123000,52106878,263
2026-09-26 12:00,UCfh08MHIzScBQKh5OuG2ofA,Somen ball,165000,61475468,117
2026-09-26 12:00,UCyedH2V27OuhZclf5wfXhlg,Spheria,131000,92507736,67
2026-09-26 12:00,UCfe4nCMqfTwoiMmIGqAolcQ,りょうデス,24000,15256822,891
2026-09-26 18:00,UC0oyndW7j5GS5NIb8ww7cxw,AST.アオスト Polandball,3690,1762527,32
2026-09-26 18:00,UCfJp9c3kSkIjYFevd2G1RKg,くろまめ,17300,16633939,85
2026-09-26 18:00,UCIqROVo0xBJfh5h6cQyPm7Q,日本猫耳版ボール【目標9000人】,12900,3932632,226
2026-09-26 18:00,UC1swbrz9S2VKVABS673ACgQ,áíš!aispoaporu,139000,95158871,1057
2026-09-26 18:00,UC9EPL3fLMARICtvoL6NGMBA,AJ ball,3520,1526619,39
2026-09-26 18:00,UCQySCPjitaeZQqbgcKcofeQ,Dotto edit,12200,8545239,64
2026-09-26 18:00,UCEJRQBqXi3z3UXnHdueIvJg,F丸,34000,30092679,91
2026-09-26 18:00,UCZ-zUkkdNTYAYDgkDyeb_hA,JP-BALL,439000,166332968,128
2026-09-26 18:00,UCa-Pej_sn8Uw_mwXLKZiuIg,MOON-BALL,223000,39422770,29
2026-09-26 18:00,UC4bqMpF49ebuiF4TbJvFmyw,Opera_cb,191000,88488557,142
2026-09-26 18:00,UC61bxgiYRsBGZ04-x_M8zFw,Past_Ball,7850,3574794,216
2026-09-26 18:00,UCGueqNQmvtQYlGO3UL3Gf3w,udonball,6910,1244018,119
2026-09-26 18:00,UCYs_v0vuLKeCI--nTS1a5Dw,Dezinicht【Æž!フヒフム 海外アカウント】,123000,52203967,263
2026-09-26 18:00,UCfh08MHIzScBQKh5OuG2ofA,Somen ball,165000,61177593,117
2026-09-26 18:00,UCyedH2V27OuhZclf5wfXhlg,Spheria,131000,92515249,67
2026-09-26 18:00,UCfe4nCMqfTwoiMmIGqAolcQ,りょうデス,24000,15257229,891
2026-09-26 18:00,UCL2O1gyawq0sYCuO-rZ6DeA,MakkoyuCB,4820,2594946,29
2026-09-27 00:00,UC0oyndW7j5GS5NIb8ww7cxw,AST.アオスト Polandball,3700,1762527,32
2026-09-27 00:00,UCfJp9c3kSkIjYFevd2G1RKg,くろまめ,17300,16644668,85
2026-09-27 00:00,UCIqROVo0xBJfh5h6cQyPm7Q,日本猫耳版ボール【目標9000人】,12900,3932748,226
2026-09-27 00:00,UC1swbrz9S2VKVABS673ACgQ,áíš!aispoaporu,139000,95198162,1057
2026-09-27 00:00,UC9EPL3fLMARICtvoL6NGMBA,AJ ball,3520,1526881,39
2026-09-27 00:00,UCQySCPjitaeZQqbgcKcofeQ,Dotto edit,12200,8565992,64
2026-09-27 00:00,UCEJRQBqXi3z3UXnHdueIvJg,F丸,34000,30094769,91
2026-09-27 00:00,UCZ-zUkkdNTYAYDgkDyeb_hA,JP-BALL,439000,166346749,128
2026-09-27 00:00,UCa-Pej_sn8Uw_mwXLKZiuIg,MOON-BALL,223000,39422770,29
2026-09-27 00:00,UC4bqMpF49ebuiF4TbJvFmyw,Opera_cb,191000,88510424,142
2026-09-27 00:00,UC61bxgiYRsBGZ04-x_M8zFw,Past_Ball,7860,3577937,216
2026-09-27 00:00,UCGueqNQmvtQYlGO3UL3Gf3w,udonball,6910,1244401,119
2026-09-27 00:00,UCYs_v0vuLKeCI--nTS1a5Dw,Dezinicht【Æž!フヒフム 海外アカウント】,123000,52418233,263
2026-09-27 00:00,UCfh08MHIzScBQKh5OuG2ofA,Somen ball,165000,61195527,118
2026-09-27 00:00,UCyedH2V27OuhZclf5wfXhlg,Spheria,131000,92521964,67
2026-09-27 00:00,UCfe4nCMqfTwoiMmIGqAolcQ,りょうデス,24000,15257229,891
2026-09-27 00:00,UCL2O1gyawq0sYCuO-rZ6DeA,MakkoyuCB,4820,2594946,29
2026-09-27 06:00,UC0oyndW7j5GS5NIb8ww7cxw,AST.アオスト Polandball,3700,1762847,32
2026-09-27 06:00,UCfJp9c3kSkIjYFevd2G1RKg,くろまめ,17300,16644668,85
2026-09-27 06:00,UCIqROVo0xBJfh5h6cQyPm7Q,日本猫耳版ボール【目標9000人】,12900,3932748,226
2026-09-27 06:00,UC1swbrz9S2VKVABS673ACgQ,áíš!aispoaporu,139000,95198162,1057
2026-09-27 06:00,UC9EPL3fLMARICtvoL6NGMBA,AJ ball,3520,1526881,39
2026-09-27 06:00,UCQySCPjitaeZQqbgcKcofeQ,Dotto edit,12200,8565992,64
2026-09-27 06:00,UCEJRQBqXi3z3UXnHdueIvJg,F丸,34000,30094769,91
2026-09-27 06:00,UCZ-zUkkdNTYAYDgkDyeb_hA,JP-BALL,439000,166346749,128
2026-09-27 06:00,UCa-Pej_sn8Uw_mwXLKZiuIg,MOON-BALL,223000,39440216,29
2026-09-27 06:00,UC4bqMpF49ebuiF4TbJvFmyw,Opera_cb,191000,88510424,142
2026-09-27 06:00,UC61bxgiYRsBGZ04-x_M8zFw,Past_Ball,7860,3577937,216
2026-09-27 06:00,UCGueqNQmvtQYlGO3UL3Gf3w,udonball,6910,1244401,119
2026-09-27 06:00,UCYs_v0vuLKeCI--nTS1a5Dw,Dezinicht【Æž!フヒフム 海外アカウント】,124000,52418233,263
2026-09-27 06:00,UCfh08MHIzScBQKh5OuG2ofA,Somen ball,165000,61195527,118
2026-09-27 06:00,UCyedH2V27OuhZclf5wfXhlg,Spheria,131000,92521964,67
2026-09-27 06:00,UCfe4nCMqfTwoiMmIGqAolcQ,りょうデス,24000,15257543,891
2026-09-27 06:00,UCL2O1gyawq0sYCuO-rZ6DeA,MakkoyuCB,4820,2597506,29
2026-09-27 12:00,UC0oyndW7j5GS5NIb8ww7cxw,AST.アオスト Polandball,3700,1762847,32
2026-09-27 12:00,UCfJp9c3kSkIjYFevd2G1RKg,くろまめ,17300,16644668,85
2026-09-27 12:00,UCIqROVo0xBJfh5h6cQyPm7Q,日本猫耳版ボール【目標9000人】,12900,3932748,226
2026-09-27 12:00,UC1swbrz9S2VKVABS673ACgQ,áíš!aispoaporu,139000,95198162,1057
2026-09-27 12:00,UC9EPL3fLMARICtvoL6NGMBA,AJ ball,3520,1526881,39
2026-09-27 12:00,UCQySCPjitaeZQqbgcKcofeQ,Dotto edit,12200,8565992,64
2026-09-27 12:00,UCEJRQBqXi3z3UXnHdueIvJg,F丸,34000,30094769,91
2026-09-27 12:00,UCZ-zUkkdNTYAYDgkDyeb_hA,JP-BALL,439000,166346749,128
2026-09-27 12:00,UCa-Pej_sn8Uw_mwXLKZiuIg,MOON-BALL,223000,39440216,29
2026-09-27 12:00,UC4bqMpF49ebuiF4TbJvFmyw,Opera_cb,191000,88510424,142
2026-09-27 12:00,UC61bxgiYRsBGZ04-x_M8zFw,Past_Ball,7860,3577937,216
2026-09-27 12:00,UCGueqNQmvtQYlGO3UL3Gf3w,udonball,6910,1244401,119
2026-09-27 12:00,UCYs_v0vuLKeCI--nTS1a5Dw,Dezinicht【Æž!フヒフム 海外アカウント】,124000,52418233,263
2026-09-27 12:00,UCfh08MHIzScBQKh5OuG2ofA,Somen ball,165000,61195527,118
2026-09-27 12:00,UCyedH2V27OuhZclf5wfXhlg,Spheria,131000,92521964,67
2026-09-27 12:00,UCfe4nCMqfTwoiMmIGqAolcQ,りょうデス,24000,15257543,891
2026-09-27 12:00,UCL2O1gyawq0sYCuO-rZ6DeA,MakkoyuCB,4820,2597506,29
2026-09-27 18:00,UC0oyndW7j5GS5NIb8ww7cxw,AST.アオスト Polandball,3700,1763358,32
2026-09-27 18:00,UCfJp9c3kSkIjYFevd2G1RKg,くろまめ,17400,16644668,85
2026-09-27 18:00,UCIqROVo0xBJfh5h6cQyPm7Q,日本猫耳版ボール【目標9000人】,12900,3932944,226
2026-09-27 18:00,UC1swbrz9S2VKVABS673ACgQ,áíš!aispoaporu,139000,95198162,1058
2026-09-27 18:00,UC9EPL3fLMARICtvoL6NGMBA,AJ ball,3520,1527166,39
2026-09-27 18:00,UCQySCPjitaeZQqbgcKcofeQ,Dotto edit,12200,8590036,64
2026-09-27 18:00,UCEJRQBqXi3z3UXnHdueIvJg,F丸,34000,30097852,91
2026-09-27 18:00,UCZ-zUkkdNTYAYDgkDyeb_hA,JP-BALL,439000,166364295,128
2026-09-27 18:00,UCa-Pej_sn8Uw_mwXLKZiuIg,MOON-BALL,223000,39464999,29
2026-09-27 18:00,UC4bqMpF49ebuiF4TbJvFmyw,Opera_cb,191000,88542399,142
2026-09-27 18:00,UC61bxgiYRsBGZ04-x_M8zFw,Past_Ball,7860,3582517,216
2026-09-27 18:00,UCGueqNQmvtQYlGO3UL3Gf3w,udonball,6910,1244401,119
2026-09-27 18:00,UCYs_v0vuLKeCI--nTS1a5Dw,Dezinicht【Æž!フヒフム 海外アカウント】,124000,52418233,263
2026-09-27 18:00,UCfh08MHIzScBQKh5OuG2ofA,Somen ball,165000,61238211,116
2026-09-27 18:00,UCyedH2V27OuhZclf5wfXhlg,Spheria,131000,92534595,67
2026-09-27 18:00,UCfe4nCMqfTwoiMmIGqAolcQ,りょうデス,24000,15258253,891
2026-09-27 18:00,UCL2O1gyawq0sYCuO-rZ6DeA,MakkoyuCB,4820,2601488,29
2026-09-28 00:00,UC0oyndW7j5GS5NIb8ww7cxw,AST.アオスト Polandball,3700,1763358,32
2026-09-28 00:00,UCfJp9c3kSkIjYFevd2G1RKg,くろまめ,17400,16655771,85
2026-09-28 00:00,UCIqROVo0xBJfh5h6cQyPm7Q,日本猫耳版ボール【目標9000人】,12900,3932944,226
2026-09-28 00:00,UC1swbrz9S2VKVABS673ACgQ,áíš!aispoaporu,139000,95232153,1058
2026-09-28 00:00,UC9EPL3fLMARICtvoL6NGMBA,AJ ball,3520,1527166,39
2026-09-28 00:00,UCQySCPjitaeZQqbgcKcofeQ,Dotto edit,12200,8590036,64
2026-09-28 00:00,UCEJRQBqXi3z3UXnHdueIvJg,F丸,34000,30097852,91
2026-09-28 00:00,UCZ-zUkkdNTYAYDgkDyeb_hA,JP-BALL,439000,166364295,128
2026-09-28 00:00,UCa-Pej_sn8Uw_mwXLKZiuIg,MOON-BALL,223000,39464999,29
2026-09-28 00:00,UC4bqMpF49ebuiF4TbJvFmyw,Opera_cb,191000,88542399,142
2026-09-28 00:00,UC61bxgiYRsBGZ04-x_M8zFw,Past_Ball,7870,3582517,216
2026-09-28 00:00,UCGueqNQmvtQYlGO3UL3Gf3w,udonball,6910,1244931,119
2026-09-28 00:00,UCYs_v0vuLKeCI--nTS1a5Dw,Dezinicht【Æž!フヒフム 海外アカウント】,124000,52672301,263
2026-09-28 00:00,UCfh08MHIzScBQKh5OuG2ofA,Somen ball,165000,61238211,116
2026-09-28 00:00,UCyedH2V27OuhZclf5wfXhlg,Spheria,131000,92534595,67
2026-09-28 00:00,UCfe4nCMqfTwoiMmIGqAolcQ,りょうデス,24000,15258253,891
2026-09-28 00:00,UCL2O1gyawq0sYCuO-rZ6DeA,MakkoyuCB,4830,2601488,30
2026-09-28 06:00,UC0oyndW7j5GS5NIb8ww7cxw,AST.アオスト Polandball,3700,1763358,32
2026-09-28 06:00,UCfJp9c3kSkIjYFevd2G1RKg,くろまめ,17400,16655771,85
2026-09-28 06:00,UCIqROVo0xBJfh5h6cQyPm7Q,日本猫耳版ボール【目標9000人】,12900,3932944,226
2026-09-28 06:00,UC1swbrz9S2VKVABS673ACgQ,áíš!aispoaporu,139000,95252216,1058
2026-09-28 06:00,UC9EPL3fLMARICtvoL6NGMBA,AJ ball,3520,1527166,39
2026-09-28 06:00,UCQySCPjitaeZQqbgcKcofeQ,Dotto edit,12200,8605894,64
2026-09-28 06:00,UCEJRQBqXi3z3UXnHdueIvJg,F丸,34000,30100270,91
2026-09-28 06:00,UCZ-zUkkdNTYAYDgkDyeb_hA,JP-BALL,439000,166378985,128
2026-09-28 06:00,UCa-Pej_sn8Uw_mwXLKZiuIg,MOON-BALL,223000,39464999,29
2026-09-28 06:00,UC4bqMpF49ebuiF4TbJvFmyw,Opera_cb,191000,88542399,142
2026-09-28 06:00,UC61bxgiYRsBGZ04-x_M8zFw,Past_Ball,7870,3582517,216
2026-09-28 06:00,UCGueqNQmvtQYlGO3UL3Gf3w,udonball,6910,1244931,119
2026-09-28 06:00,UCYs_v0vuLKeCI--nTS1a5Dw,Dezinicht【Æž!フヒフム 海外アカウント】,124000,52872966,263
2026-09-28 06:00,UCfh08MHIzScBQKh5OuG2ofA,Somen ball,165000,61238211,116
2026-09-28 06:00,UCyedH2V27OuhZclf5wfXhlg,Spheria,131000,92534595,67
2026-09-28 06:00,UCfe4nCMqfTwoiMmIGqAolcQ,りょうデス,24000,15258253,891
2026-09-28 06:00,UCL2O1gyawq0sYCuO-rZ6DeA,MakkoyuCB,4840,2601488,30
2026-09-28 12:00,UC0oyndW7j5GS5NIb8ww7cxw,AST.アオスト Polandball,3700,1763749,32
2026-09-28 12:00,UCfJp9c3kSkIjYFevd2G1RKg,くろまめ,17400,16661775,85
2026-09-28 12:00,UCIqROVo0xBJfh5h6cQyPm7Q,日本猫耳版ボール【目標9000人】,12900,3933139,226
2026-09-28 12:00,UC1swbrz9S2VKVABS673ACgQ,áíš!aispoaporu,139000,95252216,1058
2026-09-28 12:00,UC9EPL3fLMARICtvoL6NGMBA,AJ ball,3520,1527409,39
2026-09-28 12:00,UCQySCPjitaeZQqbgcKcofeQ,Dotto edit,12300,8605894,64
2026-09-28 12:00,UCEJRQBqXi3z3UXnHdueIvJg,F丸,34000,30100270,91
2026-09-28 12:00,UCZ-zUkkdNTYAYDgkDyeb_hA,JP-BALL,439000,166378985,128
2026-09-28 12:00,UCa-Pej_sn8Uw_mwXLKZiuIg,MOON-BALL,224000,39485618,29
2026-09-28 12:00,UC4bqMpF49ebuiF4TbJvFmyw,Opera_cb,191000,88562985,142
2026-09-28 12:00,UC61bxgiYRsBGZ04-x_M8zFw,Past_Ball,7870,3584988,216
2026-09-28 12:00,UCGueqNQmvtQYlGO3UL3Gf3w,udonball,6910,1245385,119
2026-09-28 12:00,UCYs_v0vuLKeCI--nTS1a5Dw,Dezinicht【Æž!フヒフム 海外アカウント】,124000,52872966,264
2026-09-28 12:00,UCfh08MHIzScBQKh5OuG2ofA,Somen ball,165000,61286085,116
2026-09-28 12:00,UCyedH2V27OuhZclf5wfXhlg,Spheria,131000,92542858,67
2026-09-28 12:00,UCfe4nCMqfTwoiMmIGqAolcQ,りょうデス,24000,15258713,891
2026-09-28 12:00,UCL2O1gyawq0sYCuO-rZ6DeA,MakkoyuCB,4870,2603589,30
2026-09-28 18:00,UC0oyndW7j5GS5NIb8ww7cxw,AST.アオスト Polandball,3700,1763749,32
2026-09-28 18:00,UCfJp9c3kSkIjYFevd2G1RKg,くろまめ,17400,16661775,86
2026-09-28 18:00,UCIqROVo0xBJfh5h6cQyPm7Q,日本猫耳版ボール【目標9000人】,12900,3933139,226
2026-09-28 18:00,UC1swbrz9S2VKVABS673ACgQ,áíš!aispoaporu,139000,95252216,1058
2026-09-28 18:00,UC9EPL3fLMARICtvoL6NGMBA,AJ ball,3520,1527409,39
2026-09-28 18:00,UCQySCPjitaeZQqbgcKcofeQ,Dotto edit,12300,8605894,64
2026-09-28 18:00,UCEJRQBqXi3z3UXnHdueIvJg,F丸,34000,30100270,91
2026-09-28 18:00,UCZ-zUkkdNTYAYDgkDyeb_hA,JP-BALL,439000,166378985,128
2026-09-28 18:00,UCa-Pej_sn8Uw_mwXLKZiuIg,MOON-BALL,224000,39485618,29
2026-09-28 18:00,UC4bqMpF49ebuiF4TbJvFmyw,Opera_cb,191000,88562985,142
2026-09-28 18:00,UC61bxgiYRsBGZ04-x_M8zFw,Past_Ball,7870,3584988,216
2026-09-28 18:00,UCGueqNQmvtQYlGO3UL3Gf3w,udonball,6920,1245385,119
2026-09-28 18:00,UCYs_v0vuLKeCI--nTS1a5Dw,Dezinicht【Æž!フヒフム 海外アカウント】,124000,52872966,264
2026-09-28 18:00,UCfh08MHIzScBQKh5OuG2ofA,Somen ball,165000,61286085,116
2026-09-28 18:00,UCyedH2V27OuhZclf5wfXhlg,Spheria,131000,92542858,67
2026-09-28 18:00,UCfe4nCMqfTwoiMmIGqAolcQ,りょうデス,24000,15258713,891
2026-09-28 18:00,UCL2O1gyawq0sYCuO-rZ6DeA,MakkoyuCB,4870,2603589,30
2026-09-29 00:00,UC0oyndW7j5GS5NIb8ww7cxw,AST.アオスト Polandball,3700,1763749,32
2026-09-29 00:00,UCfJp9c3kSkIjYFevd2G1RKg,くろまめ,17400,16661775,86
2026-09-29 00:00,UCIqROVo0xBJfh5h6cQyPm7Q,日本猫耳版ボール【目標9000人】,12900,3933139,226
2026-09-29 00:00,UC1swbrz9S2VKVABS673ACgQ,áíš!aispoaporu,139000,95252216,1058
2026-09-29 00:00,UC9EPL3fLMARICtvoL6NGMBA,AJ ball,3520,1527409,39
2026-09-29 00:00,UCQySCPjitaeZQqbgcKcofeQ,Dotto edit,12300,8605894,64
2026-09-29 00:00,UCEJRQBqXi3z3UXnHdueIvJg,F丸,34000,30100270,91
2026-09-29 00:00,UCZ-zUkkdNTYAYDgkDyeb_hA,JP-BALL,439000,166378985,128
2026-09-29 00:00,UCa-Pej_sn8Uw_mwXLKZiuIg,MOON-BALL,224000,39485618,30
2026-09-29 00:00,UC4bqMpF49ebuiF4TbJvFmyw,Opera_cb,191000,88562985,142
2026-09-29 00:00,UC61bxgiYRsBGZ04-x_M8zFw,Past_Ball,7870,3584988,216
2026-09-29 00:00,UCGueqNQmvtQYlGO3UL3Gf3w,udonball,6920,1245385,119
2026-09-29 00:00,UCYs_v0vuLKeCI--nTS1a5Dw,Dezinicht【Æž!フヒフム 海外アカウント】,125000,52872966,264
2026-09-29 00:00,UCfh08MHIzScBQKh5OuG2ofA,Somen ball,165000,61286085,117
2026-09-29 00:00,UCyedH2V27OuhZclf5wfXhlg,Spheria,131000,92542858,67
2026-09-29 00:00,UCfe4nCMqfTwoiMmIGqAolcQ,りょうデス,24000,15258713,891
2026-09-29 00:00,UCL2O1gyawq0sYCuO-rZ6DeA,MakkoyuCB,4880,2603589,30
2026-09-29 06:00,UC0oyndW7j5GS5NIb8ww7cxw,AST.アオスト Polandball,3700,1763749,32
2026-09-29 06:00,UCfJp9c3kSkIjYFevd2G1RKg,くろまめ,17400,16661775,86
2026-09-29 06:00,UCIqROVo0xBJfh5h6cQyPm7Q,日本猫耳版ボール【目標9000人】,12900,3933139,226
2026-09-29 06:00,UC1swbrz9S2VKVABS673ACgQ,áíš!aispoaporu,139000,95252216,1058
2026-09-29 06:00,UC9EPL3fLMARICtvoL6NGMBA,AJ ball,3520,1527409,39
2026-09-29 06:00,UCQySCPjitaeZQqbgcKcofeQ,Dotto edit,12300,8605894,64
2026-09-29 06:00,UCEJRQBqXi3z3UXnHdueIvJg,F丸,34000,30100270,91
2026-09-29 06:00,UCZ-zUkkdNTYAYDgkDyeb_hA,JP-BALL,439000,166378985,128
2026-09-29 06:00,UCa-Pej_sn8Uw_mwXLKZiuIg,MOON-BALL,224000,39485618,30
2026-09-29 06:00,UC4bqMpF49ebuiF4TbJvFmyw,Opera_cb,191000,88562985,142
2026-09-29 06:00,UC61bxgiYRsBGZ04-x_M8zFw,Past_Ball,7870,3584988,216
2026-09-29 06:00,UCGueqNQmvtQYlGO3UL3Gf3w,udonball,6920,1245385,119
2026-09-29 06:00,UCYs_v0vuLKeCI--nTS1a5Dw,Dezinicht【Æž!フヒフム 海外アカウント】,125000,52872966,264
2026-09-29 06:00,UCfh08MHIzScBQKh5OuG2ofA,Somen ball,165000,61286085,117
2026-09-29 06:00,UCyedH2V27OuhZclf5wfXhlg,Spheria,131000,92542858,67
2026-09-29 06:00,UCfe4nCMqfTwoiMmIGqAolcQ,りょうデス,24000,15258713,891
2026-09-29 06:00,UCL2O1gyawq0sYCuO-rZ6DeA,MakkoyuCB,4880,2603589,30
2026-09-29 12:00,UC0oyndW7j5GS5NIb8ww7cxw,AST.アオスト Polandball,3700,1763749,32
2026-09-29 12:00,UCfJp9c3kSkIjYFevd2G1RKg,くろまめ,17400,16661775,86
2026-09-29 12:00,UCIqROVo0xBJfh5h6cQyPm7Q,日本猫耳版ボール【目標9000人】,12900,3933139,226
2026-09-29 12:00,UC1swbrz9S2VKVABS673ACgQ,áíš!aispoaporu,139000,95252216,1058
2026-09-29 12:00,UC9EPL3fLMARICtvoL6NGMBA,AJ ball,3520,1527841,39
2026-09-29 12:00,UCQySCPjitaeZQqbgcKcofeQ,Dotto edit,12300,8605894,64
2026-09-29 12:00,UCEJRQBqXi3z3UXnHdueIvJg,F丸,34000,30100270,91
2026-09-29 12:00,UCZ-zUkkdNTYAYDgkDyeb_hA,JP-BALL,439000,166378985,128
2026-09-29 12:00,UCa-Pej_sn8Uw_mwXLKZiuIg,MOON-BALL,224000,39485618,30
2026-09-29 12:00,UC4bqMpF49ebuiF4TbJvFmyw,Opera_cb,191000,88562985,142
2026-09-29 12:00,UC61bxgiYRsBGZ04-x_M8zFw,Past_Ball,7870,3584988,216
2026-09-29 12:00,UCGueqNQmvtQYlGO3UL3Gf3w,udonball,6920,1246198,119
2026-09-29 12:00,UCYs_v0vuLKeCI--nTS1a5Dw,Dezinicht【Æž!フヒフム 海外アカウント】,125000,52872966,265
2026-09-29 12:00,UCfh08MHIzScBQKh5OuG2ofA,Somen ball,165000,61286085,117
2026-09-29 12:00,UCyedH2V27OuhZclf5wfXhlg,Spheria,131000,92542858,67
2026-09-29 12:00,UCfe4nCMqfTwoiMmIGqAolcQ,りょうデス,24000,15258713,891
2026-09-29 12:00,UCL2O1gyawq0sYCuO-rZ6DeA,MakkoyuCB,4880,2603589,30
2026-09-29 18:00,UC0oyndW7j5GS5NIb8ww7cxw,AST.アオスト Polandball,3700,1764790,32
2026-09-29 18:00,UCfJp9c3kSkIjYFevd2G1RKg,くろまめ,17400,16677151,86
2026-09-29 18:00,UCIqROVo0xBJfh5h6cQyPm7Q,日本猫耳版ボール【目標9000人】,12900,3933139,226
2026-09-29 18:00,UC1swbrz9S2VKVABS673ACgQ,áíš!aispoaporu,139000,95356577,1059
2026-09-29 18:00,UC9EPL3fLMARICtvoL6NGMBA,AJ ball,3520,1527979,39
2026-09-29 18:00,UCQySCPjitaeZQqbgcKcofeQ,Dotto edit,12300,8648471,64
2026-09-29 18:00,UCEJRQBqXi3z3UXnHdueIvJg,F丸,34000,30106104,91
2026-09-29 18:00,UCZ-zUkkdNTYAYDgkDyeb_hA,JP-BALL,439000,166419404,128
2026-09-29 18:00,UCa-Pej_sn8Uw_mwXLKZiuIg,MOON-BALL,224000,39527567,30
2026-09-29 18:00,UC4bqMpF49ebuiF4TbJvFmyw,Opera_cb,191000,88630384,142
2026-09-29 18:00,UC61bxgiYRsBGZ04-x_M8zFw,Past_Ball,7870,3589896,216
2026-09-29 18:00,UCGueqNQmvtQYlGO3UL3Gf3w,udonball,6920,1246588,119
2026-09-29 18:00,UCYs_v0vuLKeCI--nTS1a5Dw,Dezinicht【Æž!フヒフム 海外アカウント】,125000,53507293,265
2026-09-29 18:00,UCfh08MHIzScBQKh5OuG2ofA,Somen ball,165000,61348113,117
2026-09-29 18:00,UCyedH2V27OuhZclf5wfXhlg,Spheria,131000,92565235,67
2026-09-29 18:00,UCfe4nCMqfTwoiMmIGqAolcQ,りょうデス,24000,15259770,891
2026-09-29 18:00,UCL2O1gyawq0sYCuO-rZ6DeA,MakkoyuCB,4890,2628434,30
2026-09-30 00:00,UC0oyndW7j5GS5NIb8ww7cxw,AST.アオスト Polandball,3700,1764790,32
2026-09-30 00:00,UCfJp9c3kSkIjYFevd2G1RKg,くろまめ,17400,16677151,86
2026-09-30 00:00,UCIqROVo0xBJfh5h6cQyPm7Q,日本猫耳版ボール【目標9000人】,12900,3933671,226
2026-09-30 00:00,UC1swbrz9S2VKVABS673ACgQ,áíš!aispoaporu,139000,95356577,1059
2026-09-30 00:00,UC9EPL3fLMARICtvoL6NGMBA,AJ ball,3520,1527979,39
2026-09-30 00:00,UCQySCPjitaeZQqbgcKcofeQ,Dotto edit,12300,8648471,64
2026-09-30 00:00,UCEJRQBqXi3z3UXnHdueIvJg,F丸,34000,30106104,91
2026-09-30 00:00,UCZ-zUkkdNTYAYDgkDyeb_hA,JP-BALL,439000,166419404,128
2026-09-30 00:00,UCa-Pej_sn8Uw_mwXLKZiuIg,MOON-BALL,224000,39527567,30
2026-09-30 00:00,UC4bqMpF49ebuiF4TbJvFmyw,Opera_cb,191000,88630384,142
2026-09-30 00:00,UC61bxgiYRsBGZ04-x_M8zFw,Past_Ball,7880,3589896,216
2026-09-30 00:00,UCGueqNQmvtQYlGO3UL3Gf3w,udonball,6920,1246588,119
2026-09-30 00:00,UCYs_v0vuLKeCI--nTS1a5Dw,Dezinicht【Æž!フヒフム 海外アカウント】,125000,53507293,265
2026-09-30 00:00,UCfh08MHIzScBQKh5OuG2ofA,Somen ball,165000,61348113,118
2026-09-30 00:00,UCyedH2V27OuhZclf5wfXhlg,Spheria,132000,92565235,67
2026-09-30 00:00,UCfe4nCMqfTwoiMmIGqAolcQ,りょうデス,24000,15259770,891
2026-09-30 00:00,UCL2O1gyawq0sYCuO-rZ6DeA,MakkoyuCB,4890,2628434,30
2026-09-30 06:00,UC0oyndW7j5GS5NIb8ww7cxw,AST.アオスト Polandball,3700,1764790,32
2026-09-30 06:00,UCfJp9c3kSkIjYFevd2G1RKg,くろまめ,17400,16677151,86
2026-09-30 06:00,UCIqROVo0xBJfh5h6cQyPm7Q,日本猫耳版ボール【目標9000人】,12900,3933671,226
2026-09-30 06:00,UC1swbrz9S2VKVABS673ACgQ,áíš!aispoaporu,139000,95356577,1059
2026-09-30 06:00,UC9EPL3fLMARICtvoL6NGMBA,AJ ball,3520,1527979,39
2026-09-30 06:00,UCQySCPjitaeZQqbgcKcofeQ,Dotto edit,12300,8648471,64
2026-09-30 06:00,UCEJRQBqXi3z3UXnHdueIvJg,F丸,34000,30106104,91
2026-09-30 06:00,UCZ-zUkkdNTYAYDgkDyeb_hA,JP-BALL,439000,166419404,128
2026-09-30 06:00,UCa-Pej_sn8Uw_mwXLKZiuIg,MOON-BALL,224000,39527567,30
2026-09-30 06:00,UC4bqMpF49ebuiF4TbJvFmyw,Opera_cb,191000,88630384,142
2026-09-30 06:00,UC61bxgiYRsBGZ04-x_M8zFw,Past_Ball,7880,3589896,216
2026-09-30 06:00,UCGueqNQmvtQYlGO3UL3Gf3w,udonball,6920,1246588,119
2026-09-30 06:00,UCYs_v0vuLKeCI--nTS1a5Dw,Dezinicht【Æž!フヒフム 海外アカウント】,126000,53507293,265
2026-09-30 06:00,UCfh08MHIzScBQKh5OuG2ofA,Somen ball,166000,61348113,118
2026-09-30 06:00,UCyedH2V27OuhZclf5wfXhlg,Spheria,132000,92565235,67
2026-09-30 06:00,UCfe4nCMqfTwoiMmIGqAolcQ,りょうデス,24000,15259770,891
2026-09-30 06:00,UCL2O1gyawq0sYCuO-rZ6DeA,MakkoyuCB,4900,2628434,30
2026-09-30 12:00,UC0oyndW7j5GS5NIb8ww7cxw,AST.アオスト Polandball,3700,1764790,32
2026-09-30 12:00,UCfJp9c3kSkIjYFevd2G1RKg,くろまめ,17400,16677151,86
2026-09-30 12:00,UCIqROVo0xBJfh5h6cQyPm7Q,日本猫耳版ボール【目標9000人】,12900,3933671,226
2026-09-30 12:00,UC1swbrz9S2VKVABS673ACgQ,áíš!aispoaporu,139000,95356577,1059
2026-09-30 12:00,UC9EPL3fLMARICtvoL6NGMBA,AJ ball,3520,1527979,39
2026-09-30 12:00,UCQySCPjitaeZQqbgcKcofeQ,Dotto edit,12300,8648471,64
2026-09-30 12:00,UCEJRQBqXi3z3UXnHdueIvJg,F丸,34000,30106104,91
2026-09-30 12:00,UCZ-zUkkdNTYAYDgkDyeb_hA,JP-BALL,439000,166419404,128
2026-09-30 12:00,UCa-Pej_sn8Uw_mwXLKZiuIg,MOON-BALL,224000,39527567,30
2026-09-30 12:00,UC4bqMpF49ebuiF4TbJvFmyw,Opera_cb,191000,88630384,142
2026-09-30 12:00,UC61bxgiYRsBGZ04-x_M8zFw,Past_Ball,7880,3589896,216
2026-09-30 12:00,UCGueqNQmvtQYlGO3UL3Gf3w,udonball,6920,1246588,119
2026-09-30 12:00,UCYs_v0vuLKeCI--nTS1a5Dw,Dezinicht【Æž!フヒフム 海外アカウント】,126000,53507293,266
2026-09-30 12:00,UCfh08MHIzScBQKh5OuG2ofA,Somen ball,166000,61348113,118
2026-09-30 12:00,UCyedH2V27OuhZclf5wfXhlg,Spheria,132000,92565235,67
2026-09-30 12:00,UCfe4nCMqfTwoiMmIGqAolcQ,りょうデス,24000,15259770,891
2026-09-30 12:00,UCL2O1gyawq0sYCuO-rZ6DeA,MakkoyuCB,4900,2628434,30
2026-09-30 18:00,UC0oyndW7j5GS5NIb8ww7cxw,AST.アオスト Polandball,3700,1764790,32
2026-09-30 18:00,UCfJp9c3kSkIjYFevd2G1RKg,くろまめ,17400,16702473,86
2026-09-30 18:00,UCIqROVo0xBJfh5h6cQyPm7Q,日本猫耳版ボール【目標9000人】,12900,3933671,226
2026-09-30 18:00,UC1swbrz9S2VKVABS673ACgQ,áíš!aispoaporu,139000,95399369,1059
2026-09-30 18:00,UC9EPL3fLMARICtvoL6NGMBA,AJ ball,3520,1527979,39
2026-09-30 18:00,UCQySCPjitaeZQqbgcKcofeQ,Dotto edit,12300,8672764,64
2026-09-30 18:00,UCEJRQBqXi3z3UXnHdueIvJg,F丸,34000,30109257,91
2026-09-30 18:00,UCZ-zUkkdNTYAYDgkDyeb_hA,JP-BALL,439000,166447096,128
2026-09-30 18:00,UCa-Pej_sn8Uw_mwXLKZiuIg,MOON-BALL,224000,39527567,30
2026-09-30 18:00,UC4bqMpF49ebuiF4TbJvFmyw,Opera_cb,191000,88669388,142
2026-09-30 18:00,UC61bxgiYRsBGZ04-x_M8zFw,Past_Ball,7880,3591658,216
2026-09-30 18:00,UCGueqNQmvtQYlGO3UL3Gf3w,udonball,6920,1246588,119
2026-09-30 18:00,UCYs_v0vuLKeCI--nTS1a5Dw,Dezinicht【Æž!フヒフム 海外アカウント】,126000,54137089,266
2026-09-30 18:00,UCfh08MHIzScBQKh5OuG2ofA,Somen ball,166000,61435440,118
2026-09-30 18:00,UCyedH2V27OuhZclf5wfXhlg,Spheria,132000,92576632,67
2026-09-30 18:00,UCfe4nCMqfTwoiMmIGqAolcQ,りょうデス,24000,15260217,891
2026-09-30 18:00,UCL2O1gyawq0sYCuO-rZ6DeA,MakkoyuCB,4900,2628434,30
2026-10-01 00:00,UC0oyndW7j5GS5NIb8ww7cxw,AST.アオスト Polandball,3700,1764790,32
2026-10-01 00:00,UCfJp9c3kSkIjYFevd2G1RKg,くろまめ,17400,16702473,86
2026-10-01 00:00,UCIqROVo0xBJfh5h6cQyPm7Q,日本猫耳版ボール【目標9000人】,12900,3933968,226
2026-10-01 00:00,UC1swbrz9S2VKVABS673ACgQ,áíš!aispoaporu,139000,95399369,1059
2026-10-01 00:00,UC9EPL3fLMARICtvoL6NGMBA,AJ ball,3520,1527979,39
2026-10-01 00:00,UCQySCPjitaeZQqbgcKcofeQ,Dotto edit,12300,8672764,64
2026-10-01 00:00,UCEJRQBqXi3z3UXnHdueIvJg,F丸,34000,30109257,92
2026-10-01 00:00,UCZ-zUkkdNTYAYDgkDyeb_hA,JP-BALL,439000,166447096,128
2026-10-01 00:00,UCa-Pej_sn8Uw_mwXLKZiuIg,MOON-BALL,224000,39527567,30
2026-10-01 00:00,UC4bqMpF49ebuiF4TbJvFmyw,Opera_cb,191000,88669388,142
2026-10-01 00:00,UC61bxgiYRsBGZ04-x_M8zFw,Past_Ball,7880,3591658,216
2026-10-01 00:00,UCGueqNQmvtQYlGO3UL3Gf3w,udonball,6920,1246588,119
2026-10-01 00:00,UCYs_v0vuLKeCI--nTS1a5Dw,Dezinicht【Æž!フヒフム 海外アカウント】,126000,54137089,266
2026-10-01 00:00,UCfh08MHIzScBQKh5OuG2ofA,Somen ball,166000,61435440,118
2026-10-01 00:00,UCyedH2V27OuhZclf5wfXhlg,Spheria,132000,92576632,67
2026-10-01 00:00,UCfe4nCMqfTwoiMmIGqAolcQ,りょうデス,24000,15260217,891
2026-10-01 00:00,UCL2O1gyawq0sYCuO-rZ6DeA,MakkoyuCB,4900,2633492,30
2026-10-01 06:00,UC0oyndW7j5GS5NIb8ww7cxw,AST.アオスト Polandball,3700,1764790,32
2026-10-01 06:00,UCfJp9c3kSkIjYFevd2G1RKg,くろまめ,17400,16702473,86
2026-10-01 06:00,UCIqROVo0xBJfh5h6cQyPm7Q,日本猫耳版ボール【目標9000人】,12900,3933968,226
2026-10-01 06:00,UC1swbrz9S2VKVABS673ACgQ,áíš!aispoaporu,139000,95399369,1059
2026-10-01 06:00,UC9EPL3fLMARICtvoL6NGMBA,AJ ball,3520,1527979,39
2026-10-01 06:00,UCQySCPjitaeZQqbgcKcofeQ,Dotto edit,12300,8672764,64
2026-10-01 06:00,UCEJRQBqXi3z3UXnHdueIvJg,F丸,34000,30109257,92
2026-10-01 06:00,UCZ-zUkkdNTYAYDgkDyeb_hA,JP-BALL,439000,166447096,128
2026-10-01 06:00,UCa-Pej_sn8Uw_mwXLKZiuIg,MOON-BALL,224000,39527567,30
2026-10-01 06:00,UC4bqMpF49ebuiF4TbJvFmyw,Opera_cb,191000,88669388,142
2026-10-01 06:00,UC61bxgiYRsBGZ04-x_M8zFw,Past_Ball,7880,3591658,216
2026-10-01 06:00,UCGueqNQmvtQYlGO3UL3Gf3w,udonball,6920,1246588,119
2026-10-01 06:00,UCYs_v0vuLKeCI--nTS1a5Dw,Dezinicht【Æž!フヒフム 海外アカウント】,126000,54137089,266
2026-10-01 06:00,UCfh08MHIzScBQKh5OuG2ofA,Somen ball,166000,61435440,118
2026-10-01 06:00,UCyedH2V27OuhZclf5wfXhlg,Spheria,132000,92576632,67
2026-10-01 06:00,UCfe4nCMqfTwoiMmIGqAolcQ,りょうデス,24000,15260217,891
2026-10-01 06:00,UCL2O1gyawq0sYCuO-rZ6DeA,MakkoyuCB,4900,2633492,30
2026-10-01 12:00,UC0oyndW7j5GS5NIb8ww7cxw,AST.アオスト Polandball,3700,1765490,32
2026-10-01 12:00,UCfJp9c3kSkIjYFevd2G1RKg,くろまめ,17400,16704211,86
2026-10-01 12:00,UCIqROVo0xBJfh5h6cQyPm7Q,日本猫耳版ボール【目標9000人】,12900,3934020,226
2026-10-01 12:00,UC1swbrz9S2VKVABS673ACgQ,áíš!aispoaporu,139000,95415184,1059
2026-10-01 12:00,UC9EPL3fLMARICtvoL6NGMBA,AJ ball,3520,1528456,39
2026-10-01 12:00,UCQySCPjitaeZQqbgcKcofeQ,Dotto edit,12300,8676426,64
2026-10-01 12:00,UCEJRQBqXi3z3UXnHdueIvJg,F丸,34000,30110348,92
2026-10-01 12:00,UCZ-zUkkdNTYAYDgkDyeb_hA,JP-BALL,439000,166458417,128
2026-10-01 12:00,UCa-Pej_sn8Uw_mwXLKZiuIg,MOON-BALL,224000,39629789,30
2026-10-01 12:00,UC4bqMpF49ebuiF4TbJvFmyw,Opera_cb,191000,88681433,142
2026-10-01 12:00,UC61bxgiYRsBGZ04-x_M8zFw,Past_Ball,7890,3592187,216
2026-10-01 12:00,UCGueqNQmvtQYlGO3UL3Gf3w,udonball,6920,1247366,119
2026-10-01 12:00,UCYs_v0vuLKeCI--nTS1a5Dw,Dezinicht【Æž!フヒフム 海外アカウント】,127000,54329496,267
2026-10-01 12:00,UCfh08MHIzScBQKh5OuG2ofA,Somen ball,166000,61466180,118
2026-10-01 12:00,UCyedH2V27OuhZclf5wfXhlg,Spheria,132000,92580112,67
2026-10-01 12:00,UCfe4nCMqfTwoiMmIGqAolcQ,りょうデス,24000,15260321,891
2026-10-01 12:00,UCL2O1gyawq0sYCuO-rZ6DeA,MakkoyuCB,4900,2635440,30
2026-10-01 18:00,UC0oyndW7j5GS5NIb8ww7cxw,AST.アオスト Polandball,3700,1765760,32
2026-10-01 18:00,UCfJp9c3kSkIjYFevd2G1RKg,くろまめ,17400,16708047,86
2026-10-01 18:00,UCIqROVo0xBJfh5h6cQyPm7Q,日本猫耳版ボール【目標9000人】,12900,3934125,226
2026-10-01 18:00,UC1swbrz9S2VKVABS673ACgQ,áíš!aispoaporu,139000,95433826,1060
2026-10-01 18:00,UC9EPL3fLMARICtvoL6NGMBA,AJ ball,3520,1528605,39
2026-10-01 18:00,UCQySCPjitaeZQqbgcKcofeQ,Dotto edit,12300,8681037,64
2026-10-01 18:00,UCEJRQBqXi3z3UXnHdueIvJg,F丸,34000,30112158,92
2026-10-01 18:00,UCZ-zUkkdNTYAYDgkDyeb_hA,JP-BALL,439000,166471075,128
2026-10-01 18:00,UCa-Pej_sn8Uw_mwXLKZiuIg,MOON-BALL,224000,39660126,30
2026-10-01 18:00,UC4bqMpF49ebuiF4TbJvFmyw,Opera_cb,191000,88705851,142
2026-10-01 18:00,UC61bxgiYRsBGZ04-x_M8zFw,Past_Ball,7890,3593208,216
2026-10-01 18:00,UCGueqNQmvtQYlGO3UL3Gf3w,udonball,6920,1247692,119
2026-10-01 18:00,UCYs_v0vuLKeCI--nTS1a5Dw,Dezinicht【Æž!フヒフム 海外アカウント】,127000,54713470,267
2026-10-01 18:00,UCfh08MHIzScBQKh5OuG2ofA,Somen ball,166000,61509261,118
2026-10-01 18:00,UCyedH2V27OuhZclf5wfXhlg,Spheria,132000,92586776,67
2026-10-01 18:00,UCfe4nCMqfTwoiMmIGqAolcQ,りょうデス,24000,15261006,891
2026-10-01 18:00,UCL2O1gyawq0sYCuO-rZ6DeA,MakkoyuCB,4900,2637335,30
2026-10-02 00:00,UC0oyndW7j5GS5NIb8ww7cxw,AST.アオスト Polandball,3700,1765760,32
2026-10-02 00:00,UCfJp9c3kSkIjYFevd2G1RKg,くろまめ,17500,16708047,86
2026-10-02 00:00,UCIqROVo0xBJfh5h6cQyPm7Q,日本猫耳版ボール【目標9000人】,12900,3934125,226
2026-10-02 00:00,UC1swbrz9S2VKVABS673ACgQ,áíš!aispoaporu,139000,95433826,1060
2026-10-02 00:00,UC9EPL3fLMARICtvoL6NGMBA,AJ ball,3520,1528605,39
2026-10-02 00:00,UCQySCPjitaeZQqbgcKcofeQ,Dotto edit,12300,8681037,64
2026-10-02 00:00,UCEJRQBqXi3z3UXnHdueIvJg,F丸,34000,30112158,92
2026-10-02 00:00,UCZ-zUkkdNTYAYDgkDyeb_hA,JP-BALL,439000,166471075,128
2026-10-02 00:00,UCa-Pej_sn8Uw_mwXLKZiuIg,MOON-BALL,224000,39660126,30
2026-10-02 00:00,UC4bqMpF49ebuiF4TbJvFmyw,Opera_cb,191000,88705851,142
2026-10-02 00:00,UC61bxgiYRsBGZ04-x_M8zFw,Past_Ball,7890,3593208,216
2026-10-02 00:00,UCGueqNQmvtQYlGO3UL3Gf3w,udonball,6920,1247692,119
2026-10-02 00:00,UCYs_v0vuLKeCI--nTS1a5Dw,Dezinicht【Æž!フヒフム 海外アカウント】,127000,54713470,267
2026-10-02 00:00,UCfh08MHIzScBQKh5OuG2ofA,Somen ball,166000,61509261,119
2026-10-02 00:00,UCyedH2V27OuhZclf5wfXhlg,Spheria,132000,92586776,67
2026-10-02 00:00,UCfe4nCMqfTwoiMmIGqAolcQ,りょうデス,24000,15261006,891
2026-10-02 00:00,UCL2O1gyawq0sYCuO-rZ6DeA,MakkoyuCB,4910,2637335,30
2026-10-02 06:00,UC0oyndW7j5GS5NIb8ww7cxw,AST.アオスト Polandball,3700,1765996,32
2026-10-02 06:00,UCfJp9c3kSkIjYFevd2G1RKg,くろまめ,17500,16710100,86
2026-10-02 06:00,UCIqROVo0xBJfh5h6cQyPm7Q,日本猫耳版ボール【目標9000人】,12900,3934229,226
2026-10-02 06:00,UC1swbrz9S2VKVABS673ACgQ,áíš!aispoaporu,139000,95448736,1060
2026-10-02 06:00,UC9EPL3fLMARICtvoL6NGMBA,AJ ball,3520,1528814,39
2026-10-02 06:00,UCQySCPjitaeZQqbgcKcofeQ,Dotto edit,12300,8694934,64
2026-10-02 06:00,UCEJRQBqXi3z3UXnHdueIvJg,F丸,34100,30119120,92
2026-10-02 06:00,UCZ-zUkkdNTYAYDgkDyeb_hA,JP-BALL,439000,166485193,128
2026-10-02 06:00,UCa-Pej_sn8Uw_mwXLKZiuIg,MOON-BALL,224000,39695326,30
2026-10-02 06:00,UC4bqMpF49ebuiF4TbJvFmyw,Opera_cb,191000,88725732,142
2026-10-02 06:00,UC61bxgiYRsBGZ04-x_M8zFw,Past_Ball,7890,3594021,216
2026-10-02 06:00,UCGueqNQmvtQYlGO3UL3Gf3w,udonball,6920,1247982,119
2026-10-02 06:00,UCYs_v0vuLKeCI--nTS1a5Dw,Dezinicht【Æž!フヒフム 海外アカウント】,127000,55118605,267
2026-10-02 06:00,UCfh08MHIzScBQKh5OuG2ofA,Somen ball,166000,61543525,119
2026-10-02 06:00,UCyedH2V27OuhZclf5wfXhlg,Spheria,132000,92593134,67
2026-10-02 06:00,UCfe4nCMqfTwoiMmIGqAolcQ,りょうデス,24000,15261177,891
2026-10-02 06:00,UCL2O1gyawq0sYCuO-rZ6DeA,MakkoyuCB,4910,2638977,30
2026-10-02 12:00,UC0oyndW7j5GS5NIb8ww7cxw,AST.アオスト Polandball,3700,1765996,32
2026-10-02 12:00,UCfJp9c3kSkIjYFevd2G1RKg,くろまめ,17500,16710100,86
2026-10-02 12:00,UCIqROVo0xBJfh5h6cQyPm7Q,日本猫耳版ボール【目標9000人】,12900,3934229,226
2026-10-02 12:00,UC1swbrz9S2VKVABS673ACgQ,áíš!aispoaporu,139000,95448736,1060
2026-10-02 12:00,UC9EPL3fLMARICtvoL6NGMBA,AJ ball,3520,1528814,39
2026-10-02 12:00,UCQySCPjitaeZQqbgcKcofeQ,Dotto edit,12300,8694934,64
2026-10-02 12:00,UCEJRQBqXi3z3UXnHdueIvJg,F丸,34100,30119120,92
2026-10-02 12:00,UCZ-zUkkdNTYAYDgkDyeb_hA,JP-BALL,439000,166485193,128
2026-10-02 12:00,UCa-Pej_sn8Uw_mwXLKZiuIg,MOON-BALL,224000,39695326,30
2026-10-02 12:00,UC4bqMpF49ebuiF4TbJvFmyw,Opera_cb,191000,88725732,142
2026-10-02 12:00,UC61bxgiYRsBGZ04-x_M8zFw,Past_Ball,7890,3594021,216
2026-10-02 12:00,UCGueqNQmvtQYlGO3UL3Gf3w,udonball,6920,1247982,119
2026-10-02 12:00,UCYs_v0vuLKeCI--nTS1a5Dw,Dezinicht【Æž!フヒフム 海外アカウント】,128000,55118605,268
2026-10-02 12:00,UCfh08MHIzScBQKh5OuG2ofA,Somen ball,166000,61543525,119
2026-10-02 12:00,UCyedH2V27OuhZclf5wfXhlg,Spheria,132000,92593134,67
2026-10-02 12:00,UCfe4nCMqfTwoiMmIGqAolcQ,りょうデス,24000,15261177,891
2026-10-02 12:00,UCL2O1gyawq0sYCuO-rZ6DeA,MakkoyuCB,4910,2638977,30
2026-10-02 18:00,UC0oyndW7j5GS5NIb8ww7cxw,AST.アオスト Polandball,3700,1766242,32
2026-10-02 18:00,UCfJp9c3kSkIjYFevd2G1RKg,くろまめ,17500,16718753,86
2026-10-02 18:00,UCIqROVo0xBJfh5h6cQyPm7Q,日本猫耳版ボール【目標9000人】,12900,3934358,226
2026-10-02 18:00,UC1swbrz9S2VKVABS673ACgQ,áíš!aispoaporu,139000,95465554,1060
2026-10-02 18:00,UC9EPL3fLMARICtvoL6NGMBA,AJ ball,3520,1528971,39
2026-10-02 18:00,UCQySCPjitaeZQqbgcKcofeQ,Dotto edit,12300,8701625,64
2026-10-02 18:00,UCEJRQBqXi3z3UXnHdueIvJg,F丸,34100,30136186,92
2026-10-02 18:00,UCZ-zUkkdNTYAYDgkDyeb_hA,JP-BALL,439000,166499235,128
2026-10-02 18:00,UCa-Pej_sn8Uw_mwXLKZiuIg,MOON-BALL,224000,39732636,30
2026-10-02 18:00,UC4bqMpF49ebuiF4TbJvFmyw,Opera_cb,191000,88751791,142
2026-10-02 18:00,UC61bxgiYRsBGZ04-x_M8zFw,Past_Ball,7890,3595147,216
2026-10-02 18:00,UCGueqNQmvtQYlGO3UL3Gf3w,udonball,6920,1248334,119
2026-10-02 18:00,UCYs_v0vuLKeCI--nTS1a5Dw,Dezinicht【Æž!フヒフム 海外アカウント】,128000,55487226,268
2026-10-02 18:00,UCfh08MHIzScBQKh5OuG2ofA,Somen ball,166000,61596338,111
2026-10-02 18:00,UCyedH2V27OuhZclf5wfXhlg,Spheria,132000,92593134,67
2026-10-02 18:00,UCfe4nCMqfTwoiMmIGqAolcQ,りょうデス,24000,15261409,891
2026-10-02 18:00,UCL2O1gyawq0sYCuO-rZ6DeA,MakkoyuCB,4910,2640655,30
2026-10-03 00:00,UC0oyndW7j5GS5NIb8ww7cxw,AST.アオスト Polandball,3700,1766467,32
2026-10-03 00:00,UCfJp9c3kSkIjYFevd2G1RKg,くろまめ,17500,16718753,86
2026-10-03 00:00,UCIqROVo0xBJfh5h6cQyPm7Q,日本猫耳版ボール【目標9000人】,12900,3934358,226
2026-10-03 00:00,UC1swbrz9S2VKVABS673ACgQ,áíš!aispoaporu,139000,95465554,1060
2026-10-03 00:00,UC9EPL3fLMARICtvoL6NGMBA,AJ ball,3520,1529158,39
2026-10-03 00:00,UCQySCPjitaeZQqbgcKcofeQ,Dotto edit,12300,8701625,64
2026-10-03 00:00,UCEJRQBqXi3z3UXnHdueIvJg,F丸,34100,30162795,92
2026-10-03 00:00,UCZ-zUkkdNTYAYDgkDyeb_hA,JP-BALL,439000,166499235,128
2026-10-03 00:00,UCa-Pej_sn8Uw_mwXLKZiuIg,MOON-BALL,224000,39732636,30
2026-10-03 00:00,UC4bqMpF49ebuiF4TbJvFmyw,Opera_cb,191000,88771994,142
2026-10-03 00:00,UC61bxgiYRsBGZ04-x_M8zFw,Past_Ball,7900,3595147,216
2026-10-03 00:00,UCGueqNQmvtQYlGO3UL3Gf3w,udonball,6920,1248334,119
2026-10-03 00:00,UCYs_v0vuLKeCI--nTS1a5Dw,Dezinicht【Æž!フヒフム 海外アカウント】,128000,55487226,268
2026-10-03 00:00,UCfh08MHIzScBQKh5OuG2ofA,Somen ball,166000,61671771,111
2026-10-03 00:00,UCyedH2V27OuhZclf5wfXhlg,Spheria,132000,92599958,67
2026-10-03 00:00,UCfe4nCMqfTwoiMmIGqAolcQ,りょうデス,24000,15261409,891
2026-10-03 00:00,UCL2O1gyawq0sYCuO-rZ6DeA,MakkoyuCB,4910,2640655,30
2026-10-03 06:00,UC0oyndW7j5GS5NIb8ww7cxw,AST.アオスト Polandball,3700,1766467,32
2026-10-03 06:00,UCfJp9c3kSkIjYFevd2G1RKg,くろまめ,17500,16721685,86
2026-10-03 06:00,UCIqROVo0xBJfh5h6cQyPm7Q,日本猫耳版ボール【目標9000人】,12900,3934438,226
2026-10-03 06:00,UC1swbrz9S2VKVABS673ACgQ,áíš!aispoaporu,139000,95497929,1060
2026-10-03 06:00,UC9EPL3fLMARICtvoL6NGMBA,AJ ball,3530,1529158,39
2026-10-03 06:00,UCQySCPjitaeZQqbgcKcofeQ,Dotto edit,12300,8711548,64
2026-10-03 06:00,UCEJRQBqXi3z3UXnHdueIvJg,F丸,34100,30162795,92
2026-10-03 06:00,UCZ-zUkkdNTYAYDgkDyeb_hA,JP-BALL,439000,166513197,128
2026-10-03 06:00,UCa-Pej_sn8Uw_mwXLKZiuIg,MOON-BALL,224000,39772654,30
2026-10-03 06:00,UC4bqMpF49ebuiF4TbJvFmyw,Opera_cb,191000,88771994,142
2026-10-03 06:00,UC61bxgiYRsBGZ04-x_M8zFw,Past_Ball,7900,3596163,216
2026-10-03 06:00,UCGueqNQmvtQYlGO3UL3Gf3w,udonball,6920,1248646,119
2026-10-03 06:00,UCYs_v0vuLKeCI--nTS1a5Dw,Dezinicht【Æž!フヒフム 海外アカウント】,128000,56068017,268
2026-10-03 06:00,UCfh08MHIzScBQKh5OuG2ofA,Somen ball,166000,61671771,111
2026-10-03 06:00,UCyedH2V27OuhZclf5wfXhlg,Spheria,132000,92606957,67
2026-10-03 06:00,UCfe4nCMqfTwoiMmIGqAolcQ,りょうデス,24000,15261717,891
2026-10-03 06:00,UCL2O1gyawq0sYCuO-rZ6DeA,MakkoyuCB,4910,2641985,30
2026-10-03 12:00,UC0oyndW7j5GS5NIb8ww7cxw,AST.アオスト Polandball,3700,1766467,32
2026-10-03 12:00,UCfJp9c3kSkIjYFevd2G1RKg,くろまめ,17500,16725677,86
2026-10-03 12:00,UCIqROVo0xBJfh5h6cQyPm7Q,日本猫耳版ボール【目標9000人】,12900,3934438,226
2026-10-03 12:00,UC1swbrz9S2VKVABS673ACgQ,áíš!aispoaporu,139000,95515934,1060
2026-10-03 12:00,UC9EPL3fLMARICtvoL6NGMBA,AJ ball,3530,1529158,39
2026-10-03 12:00,UCQySCPjitaeZQqbgcKcofeQ,Dotto edit,12300,8721479,64
2026-10-03 12:00,UCEJRQBqXi3z3UXnHdueIvJg,F丸,34200,30162795,92
2026-10-03 12:00,UCZ-zUkkdNTYAYDgkDyeb_hA,JP-BALL,439000,166513197,128
2026-10-03 12:00,UCa-Pej_sn8Uw_mwXLKZiuIg,MOON-BALL,224000,39813865,30
2026-10-03 12:00,UC4bqMpF49ebuiF4TbJvFmyw,Opera_cb,191000,88801822,142
2026-10-03 12:00,UC61bxgiYRsBGZ04-x_M8zFw,Past_Ball,7900,3596163,216
2026-10-03 12:00,UCGueqNQmvtQYlGO3UL3Gf3w,udonball,6920,1248972,119
2026-10-03 12:00,UCYs_v0vuLKeCI--nTS1a5Dw,Dezinicht【Æž!フヒフム 海外アカウント】,129000,56748721,269
2026-10-03 12:00,UCfh08MHIzScBQKh5OuG2ofA,Somen ball,166000,60651146,111
2026-10-03 12:00,UCyedH2V27OuhZclf5wfXhlg,Spheria,132000,92614692,67
2026-10-03 12:00,UCfe4nCMqfTwoiMmIGqAolcQ,りょうデス,24000,15261717,891
2026-10-03 12:00,UCL2O1gyawq0sYCuO-rZ6DeA,MakkoyuCB,4910,2641985,30
2026-10-03 18:00,UC0oyndW7j5GS5NIb8ww7cxw,AST.アオスト Polandball,3700,1766770,32
2026-10-03 18:00,UCfJp9c3kSkIjYFevd2G1RKg,くろまめ,17500,16725677,86
2026-10-03 18:00,UCIqROVo0xBJfh5h6cQyPm7Q,日本猫耳版ボール【目標9000人】,12900,3934578,226
2026-10-03 18:00,UC1swbrz9S2VKVABS673ACgQ,áíš!aispoaporu,139000,95515934,1061
2026-10-03 18:00,UC9EPL3fLMARICtvoL6NGMBA,AJ ball,3530,1529439,39
2026-10-03 18:00,UCQySCPjitaeZQqbgcKcofeQ,Dotto edit,12300,8721479,64
2026-10-03 18:00,UCEJRQBqXi3z3UXnHdueIvJg,F丸,34200,30187763,92
2026-10-03 18:00,UCZ-zUkkdNTYAYDgkDyeb_hA,JP-BALL,439000,166527902,128
2026-10-03 18:00,UCa-Pej_sn8Uw_mwXLKZiuIg,MOON-BALL,224000,39813865,30
2026-10-03 18:00,UC4bqMpF49ebuiF4TbJvFmyw,Opera_cb,191000,88801822,142
2026-10-03 18:00,UC61bxgiYRsBGZ04-x_M8zFw,Past_Ball,7900,3597315,216
2026-10-03 18:00,UCGueqNQmvtQYlGO3UL3Gf3w,udonball,6920,1248972,120
2026-10-03 18:00,UCYs_v0vuLKeCI--nTS1a5Dw,Dezinicht【Æž!フヒフム 海外アカウント】,129000,56748721,269
2026-10-03 18:00,UCfh08MHIzScBQKh5OuG2ofA,Somen ball,166000,60651146,110
2026-10-03 18:00,UCyedH2V27OuhZclf5wfXhlg,Spheria,132000,92614692,67
2026-10-03 18:00,UCfe4nCMqfTwoiMmIGqAolcQ,りょうデス,24000,15262106,891
2026-10-03 18:00,UCL2O1gyawq0sYCuO-rZ6DeA,MakkoyuCB,4910,2643649,30
2026-10-04 00:00,UC0oyndW7j5GS5NIb8ww7cxw,AST.アオスト Polandball,3700,1766770,32
2026-10-04 00:00,UCfJp9c3kSkIjYFevd2G1RKg,くろまめ,17500,16728992,86
2026-10-04 00:00,UCIqROVo0xBJfh5h6cQyPm7Q,日本猫耳版ボール【目標9000人】,12900,3934726,226
2026-10-04 00:00,UC1swbrz9S2VKVABS673ACgQ,áíš!aispoaporu,139000,95529026,1061
2026-10-04 00:00,UC9EPL3fLMARICtvoL6NGMBA,AJ ball,3530,1529439,39
2026-10-04 00:00,UCQySCPjitaeZQqbgcKcofeQ,Dotto edit,12300,8732512,64
2026-10-04 00:00,UCEJRQBqXi3z3UXnHdueIvJg,F丸,34200,30215710,92
2026-10-04 00:00,UCZ-zUkkdNTYAYDgkDyeb_hA,JP-BALL,439000,166545585,128
2026-10-04 00:00,UCa-Pej_sn8Uw_mwXLKZiuIg,MOON-BALL,224000,39844963,30
2026-10-04 00:00,UC4bqMpF49ebuiF4TbJvFmyw,Opera_cb,191000,88828196,142
2026-10-04 00:00,UC61bxgiYRsBGZ04-x_M8zFw,Past_Ball,7900,3597315,216
2026-10-04 00:00,UCGueqNQmvtQYlGO3UL3Gf3w,udonball,6920,1249427,121
2026-10-04 00:00,UCYs_v0vuLKeCI--nTS1a5Dw,Dezinicht【Æž!フヒフム 海外アカウント】,129000,57205199,269
2026-10-04 00:00,UCfh08MHIzScBQKh5OuG2ofA,Somen ball,166000,60687576,111
2026-10-04 00:00,UCyedH2V27OuhZclf5wfXhlg,Spheria,132000,92614692,67
2026-10-04 00:00,UCfe4nCMqfTwoiMmIGqAolcQ,りょうデス,24000,15262611,891
2026-10-04 00:00,UCL2O1gyawq0sYCuO-rZ6DeA,MakkoyuCB,4910,2644959,31
2026-10-04 06:00,UC0oyndW7j5GS5NIb8ww7cxw,AST.アオスト Polandball,3700,1767065,32
2026-10-04 06:00,UCfJp9c3kSkIjYFevd2G1RKg,くろまめ,17500,16728992,86
2026-10-04 06:00,UCIqROVo0xBJfh5h6cQyPm7Q,日本猫耳版ボール【目標9000人】,12900,3934726,226
2026-10-04 06:00,UC1swbrz9S2VKVABS673ACgQ,áíš!aispoaporu,139000,95529026,1061
2026-10-04 06:00,UC9EPL3fLMARICtvoL6NGMBA,AJ ball,3530,1529746,39
2026-10-04 06:00,UCQySCPjitaeZQqbgcKcofeQ,Dotto edit,12300,8732512,64
2026-10-04 06:00,UCEJRQBqXi3z3UXnHdueIvJg,F丸,34300,30215710,92
2026-10-04 06:00,UCZ-zUkkdNTYAYDgkDyeb_hA,JP-BALL,439000,166545585,128
2026-10-04 06:00,UCa-Pej_sn8Uw_mwXLKZiuIg,MOON-BALL,224000,39844963,30
2026-10-04 06:00,UC4bqMpF49ebuiF4TbJvFmyw,Opera_cb,191000,88828196,142
2026-10-04 06:00,UC61bxgiYRsBGZ04-x_M8zFw,Past_Ball,7900,3598747,216
2026-10-04 06:00,UCGueqNQmvtQYlGO3UL3Gf3w,udonball,6920,1249427,121
2026-10-04 06:00,UCYs_v0vuLKeCI--nTS1a5Dw,Dezinicht【Æž!フヒフム 海外アカウント】,129000,57205199,269
2026-10-04 06:00,UCfh08MHIzScBQKh5OuG2ofA,Somen ball,166000,60687576,111
2026-10-04 06:00,UCyedH2V27OuhZclf5wfXhlg,Spheria,132000,92622398,67
2026-10-04 06:00,UCfe4nCMqfTwoiMmIGqAolcQ,りょうデス,24000,15262611,891
2026-10-04 06:00,UCL2O1gyawq0sYCuO-rZ6DeA,MakkoyuCB,4910,2644959,31
2026-10-04 12:00,UC0oyndW7j5GS5NIb8ww7cxw,AST.アオスト Polandball,3700,1767410,32
2026-10-04 12:00,UCfJp9c3kSkIjYFevd2G1RKg,くろまめ,17500,16728992,86
2026-10-04 12:00,UCIqROVo0xBJfh5h6cQyPm7Q,日本猫耳版ボール【目標9000人】,12900,3934726,226
2026-10-04 12:00,UC1swbrz9S2VKVABS673ACgQ,áíš!aispoaporu,139000,95529026,1061
2026-10-04 12:00,UC9EPL3fLMARICtvoL6NGMBA,AJ ball,3530,1529746,39
2026-10-04 12:00,UCQySCPjitaeZQqbgcKcofeQ,Dotto edit,12300,8743345,64
2026-10-04 12:00,UCEJRQBqXi3z3UXnHdueIvJg,F丸,34300,30253776,92
2026-10-04 12:00,UCZ-zUkkdNTYAYDgkDyeb_hA,JP-BALL,439000,166563246,128
2026-10-04 12:00,UCa-Pej_sn8Uw_mwXLKZiuIg,MOON-BALL,224000,39871968,30
2026-10-04 12:00,UC4bqMpF49ebuiF4TbJvFmyw,Opera_cb,191000,88858057,142
2026-10-04 12:00,UC61bxgiYRsBGZ04-x_M8zFw,Past_Ball,7910,3599870,216
2026-10-04 12:00,UCGueqNQmvtQYlGO3UL3Gf3w,udonball,6920,1249958,121
2026-10-04 12:00,UCYs_v0vuLKeCI--nTS1a5Dw,Dezinicht【Æž!フヒフム 海外アカウント】,129000,57660091,270
2026-10-04 12:00,UCfh08MHIzScBQKh5OuG2ofA,Somen ball,166000,60614390,111
2026-10-04 12:00,UCyedH2V27OuhZclf5wfXhlg,Spheria,132000,92632418,67
2026-10-04 12:00,UCfe4nCMqfTwoiMmIGqAolcQ,りょうデス,24000,15263083,891
2026-10-04 12:00,UCL2O1gyawq0sYCuO-rZ6DeA,MakkoyuCB,4920,2646816,31
2026-10-04 18:00,UC0oyndW7j5GS5NIb8ww7cxw,AST.アオスト Polandball,3700,1767410,32
2026-10-04 18:00,UCfJp9c3kSkIjYFevd2G1RKg,くろまめ,17500,16732455,86
2026-10-04 18:00,UCIqROVo0xBJfh5h6cQyPm7Q,日本猫耳版ボール【目標9000人】,12900,3934886,226
2026-10-04 18:00,UC1swbrz9S2VKVABS673ACgQ,áíš!aispoaporu,139000,95548913,1061
2026-10-04 18:00,UC9EPL3fLMARICtvoL6NGMBA,AJ ball,3530,1529979,39
2026-10-04 18:00,UCQySCPjitaeZQqbgcKcofeQ,Dotto edit,12300,8743345,64
2026-10-04 18:00,UCEJRQBqXi3z3UXnHdueIvJg,F丸,34300,30253776,92
2026-10-04 18:00,UCZ-zUkkdNTYAYDgkDyeb_hA,JP-BALL,439000,166563246,128
2026-10-04 18:00,UCa-Pej_sn8Uw_mwXLKZiuIg,MOON-BALL,224000,39871968,30
2026-10-04 18:00,UC4bqMpF49ebuiF4TbJvFmyw,Opera_cb,191000,88858057,142
2026-10-04 18:00,UC61bxgiYRsBGZ04-x_M8zFw,Past_Ball,7910,3599870,216
2026-10-04 18:00,UCGueqNQmvtQYlGO3UL3Gf3w,udonball,6920,1249958,120
2026-10-04 18:00,UCYs_v0vuLKeCI--nTS1a5Dw,Dezinicht【Æž!フヒフム 海外アカウント】,130000,57660091,270
2026-10-04 18:00,UCfh08MHIzScBQKh5OuG2ofA,Somen ball,166000,60614390,111
2026-10-04 18:00,UCyedH2V27OuhZclf5wfXhlg,Spheria,132000,92632418,67
2026-10-04 18:00,UCfe4nCMqfTwoiMmIGqAolcQ,りょうデス,24000,15263083,891
2026-10-04 18:00,UCL2O1gyawq0sYCuO-rZ6DeA,MakkoyuCB,4920,2646816,30
2026-10-05 00:00,UC0oyndW7j5GS5NIb8ww7cxw,AST.アオスト Polandball,3700,1767713,32
2026-10-05 00:00,UCfJp9c3kSkIjYFevd2G1RKg,くろまめ,17500,16732455,86
2026-10-05 00:00,UCIqROVo0xBJfh5h6cQyPm7Q,日本猫耳版ボール【目標9000人】,12900,3934981,226
2026-10-05 00:00,UC1swbrz9S2VKVABS673ACgQ,áíš!aispoaporu,139000,95548913,1061
2026-10-05 00:00,UC9EPL3fLMARICtvoL6NGMBA,AJ ball,3530,1529979,39
2026-10-05 00:00,UCQySCPjitaeZQqbgcKcofeQ,Dotto edit,12300,8754551,64
2026-10-05 00:00,UCEJRQBqXi3z3UXnHdueIvJg,F丸,34400,30253776,92
2026-10-05 00:00,UCZ-zUkkdNTYAYDgkDyeb_hA,JP-BALL,439000,166563246,128
2026-10-05 00:00,UCa-Pej_sn8Uw_mwXLKZiuIg,MOON-BALL,224000,39891238,30
2026-10-05 00:00,UC4bqMpF49ebuiF4TbJvFmyw,Opera_cb,191000,88880215,142
2026-10-05 00:00,UC61bxgiYRsBGZ04-x_M8zFw,Past_Ball,7910,3600890,218
2026-10-05 00:00,UCGueqNQmvtQYlGO3UL3Gf3w,udonball,6920,1251747,121
2026-10-05 00:00,UCYs_v0vuLKeCI--nTS1a5Dw,Dezinicht【Æž!フヒフム 海外アカウント】,130000,58030039,270
2026-10-05 00:00,UCfh08MHIzScBQKh5OuG2ofA,Somen ball,166000,60614390,112
2026-10-05 00:00,UCyedH2V27OuhZclf5wfXhlg,Spheria,132000,92632418,67
2026-10-05 00:00,UCfe4nCMqfTwoiMmIGqAolcQ,りょうデス,24000,15263083,891
2026-10-05 00:00,UCL2O1gyawq0sYCuO-rZ6DeA,MakkoyuCB,4930,2652497,30
2026-10-05 06:00,UC0oyndW7j5GS5NIb8ww7cxw,AST.アオスト Polandball,3700,1767713,32
2026-10-05 06:00,UCfJp9c3kSkIjYFevd2G1RKg,くろまめ,17500,16738327,86
2026-10-05 06:00,UCIqROVo0xBJfh5h6cQyPm7Q,日本猫耳版ボール【目標9000人】,12900,3934981,226
2026-10-05 06:00,UC1swbrz9S2VKVABS673ACgQ,áíš!aispoaporu,139000,95583306,1061
2026-10-05 06:00,UC9EPL3fLMARICtvoL6NGMBA,AJ ball,3530,1530188,39
2026-10-05 06:00,UCQySCPjitaeZQqbgcKcofeQ,Dotto edit,12300,8754551,64
2026-10-05 06:00,UCEJRQBqXi3z3UXnHdueIvJg,F丸,34400,30281678,92
2026-10-05 06:00,UCZ-zUkkdNTYAYDgkDyeb_hA,JP-BALL,439000,166578759,128
2026-10-05 06:00,UCa-Pej_sn8Uw_mwXLKZiuIg,MOON-BALL,224000,39891238,30
2026-10-05 06:00,UC4bqMpF49ebuiF4TbJvFmyw,Opera_cb,191000,88880215,142
2026-10-05 06:00,UC61bxgiYRsBGZ04-x_M8zFw,Past_Ball,7920,3600890,218
2026-10-05 06:00,UCGueqNQmvtQYlGO3UL3Gf3w,udonball,6920,1251747,121
2026-10-05 06:00,UCYs_v0vuLKeCI--nTS1a5Dw,Dezinicht【Æž!フヒフム 海外アカウント】,130000,58030039,270
2026-10-05 06:00,UCfh08MHIzScBQKh5OuG2ofA,Somen ball,166000,60659507,112
2026-10-05 06:00,UCyedH2V27OuhZclf5wfXhlg,Spheria,132000,92639749,67
2026-10-05 06:00,UCfe4nCMqfTwoiMmIGqAolcQ,りょうデス,24000,15263083,891
2026-10-05 06:00,UCL2O1gyawq0sYCuO-rZ6DeA,MakkoyuCB,4930,2652497,30
2026-10-05 12:00,UC0oyndW7j5GS5NIb8ww7cxw,AST.アオスト Polandball,3700,1767713,32
2026-10-05 12:00,UCfJp9c3kSkIjYFevd2G1RKg,くろまめ,17500,16738327,86
2026-10-05 12:00,UCIqROVo0xBJfh5h6cQyPm7Q,日本猫耳版ボール【目標9000人】,12900,3934981,226
2026-10-05 12:00,UC1swbrz9S2VKVABS673ACgQ,áíš!aispoaporu,139000,95603018,1061
2026-10-05 12:00,UC9EPL3fLMARICtvoL6NGMBA,AJ ball,3530,1530621,39
2026-10-05 12:00,UCQySCPjitaeZQqbgcKcofeQ,Dotto edit,12300,8754551,64
2026-10-05 12:00,UCEJRQBqXi3z3UXnHdueIvJg,F丸,34400,30281678,92
2026-10-05 12:00,UCZ-zUkkdNTYAYDgkDyeb_hA,JP-BALL,439000,166598196,128
2026-10-05 12:00,UCa-Pej_sn8Uw_mwXLKZiuIg,MOON-BALL,224000,39913193,30
2026-10-05 12:00,UC4bqMpF49ebuiF4TbJvFmyw,Opera_cb,191000,88880215,142
2026-10-05 12:00,UC61bxgiYRsBGZ04-x_M8zFw,Past_Ball,7930,3606499,218
2026-10-05 12:00,UCGueqNQmvtQYlGO3UL3Gf3w,udonball,6920,1251747,121
2026-10-05 12:00,UCYs_v0vuLKeCI--nTS1a5Dw,Dezinicht【Æž!フヒフム 海外アカウント】,130000,58030039,271
2026-10-05 12:00,UCfh08MHIzScBQKh5OuG2ofA,Somen ball,167000,60659507,112
2026-10-05 12:00,UCyedH2V27OuhZclf5wfXhlg,Spheria,132000,92639749,67
2026-10-05 12:00,UCfe4nCMqfTwoiMmIGqAolcQ,りょうデス,24000,15263347,891
2026-10-05 12:00,UCL2O1gyawq0sYCuO-rZ6DeA,MakkoyuCB,4930,2652497,30
2026-10-05 18:00,UC0oyndW7j5GS5NIb8ww7cxw,AST.アオスト Polandball,3700,1768034,32
2026-10-05 18:00,UCfJp9c3kSkIjYFevd2G1RKg,くろまめ,17500,16744628,86
2026-10-05 18:00,UCIqROVo0xBJfh5h6cQyPm7Q,日本猫耳版ボール【目標9000人】,12900,3935167,226
2026-10-05 18:00,UC1swbrz9S2VKVABS673ACgQ,áíš!aispoaporu,139000,95603018,1062
2026-10-05 18:00,UC9EPL3fLMARICtvoL6NGMBA,AJ ball,3530,1530621,39
2026-10-05 18:00,UCQySCPjitaeZQqbgcKcofeQ,Dotto edit,12300,8764958,64
2026-10-05 18:00,UCEJRQBqXi3z3UXnHdueIvJg,F丸,34400,30325441,92
2026-10-05 18:00,UCZ-zUkkdNTYAYDgkDyeb_hA,JP-BALL,439000,166598196,128
2026-10-05 18:00,UCa-Pej_sn8Uw_mwXLKZiuIg,MOON-BALL,224000,39913193,30
2026-10-05 18:00,UC4bqMpF49ebuiF4TbJvFmyw,Opera_cb,191000,88911385,142
2026-10-05 18:00,UC61bxgiYRsBGZ04-x_M8zFw,Past_Ball,7930,3606499,218
2026-10-05 18:00,UCGueqNQmvtQYlGO3UL3Gf3w,udonball,6930,1252311,121
2026-10-05 18:00,UCYs_v0vuLKeCI--nTS1a5Dw,Dezinicht【Æž!フヒフム 海外アカウント】,130000,58648412,271
2026-10-05 18:00,UCfh08MHIzScBQKh5OuG2ofA,Somen ball,168000,60778146,112
2026-10-05 18:00,UCyedH2V27OuhZclf5wfXhlg,Spheria,132000,92651258,67
2026-10-05 18:00,UCfe4nCMqfTwoiMmIGqAolcQ,りょうデス,24000,15263802,891
2026-10-05 18:00,UCL2O1gyawq0sYCuO-rZ6DeA,MakkoyuCB,4930,2649917,30
2026-10-06 00:00,UC0oyndW7j5GS5NIb8ww7cxw,AST.アオスト Polandball,3700,1768034,32
2026-10-06 00:00,UCfJp9c3kSkIjYFevd2G1RKg,くろまめ,17500,16744628,86
2026-10-06 00:00,UCIqROVo0xBJfh5h6cQyPm7Q,日本猫耳版ボール【目標9000人】,12900,3935167,226
2026-10-06 00:00,UC1swbrz9S2VKVABS673ACgQ,áíš!aispoaporu,139000,95603018,1062
2026-10-06 00:00,UC9EPL3fLMARICtvoL6NGMBA,AJ ball,3530,1530621,39
2026-10-06 00:00,UCQySCPjitaeZQqbgcKcofeQ,Dotto edit,12300,8764958,64
2026-10-06 00:00,UCEJRQBqXi3z3UXnHdueIvJg,F丸,34500,30325441,92
2026-10-06 00:00,UCZ-zUkkdNTYAYDgkDyeb_hA,JP-BALL,439000,166608495,128
2026-10-06 00:00,UCa-Pej_sn8Uw_mwXLKZiuIg,MOON-BALL,224000,39913193,30
2026-10-06 00:00,UC4bqMpF49ebuiF4TbJvFmyw,Opera_cb,191000,88911385,142
2026-10-06 00:00,UC61bxgiYRsBGZ04-x_M8zFw,Past_Ball,7940,3606499,218
2026-10-06 00:00,UCGueqNQmvtQYlGO3UL3Gf3w,udonball,6930,1252311,116
2026-10-06 00:00,UCYs_v0vuLKeCI--nTS1a5Dw,Dezinicht【Æž!フヒフム 海外アカウント】,131000,58648412,271
2026-10-06 00:00,UCfh08MHIzScBQKh5OuG2ofA,Somen ball,168000,60778146,112
2026-10-06 00:00,UCyedH2V27OuhZclf5wfXhlg,Spheria,132000,92651258,68
2026-10-06 00:00,UCfe4nCMqfTwoiMmIGqAolcQ,りょうデス,24000,15263802,891
2026-10-06 00:00,UCL2O1gyawq0sYCuO-rZ6DeA,MakkoyuCB,4940,2649917,30
2026-10-06 06:00,UC0oyndW7j5GS5NIb8ww7cxw,AST.アオスト Polandball,3700,1768214,32
2026-10-06 06:00,UCfJp9c3kSkIjYFevd2G1RKg,くろまめ,17500,16746785,86
2026-10-06 06:00,UCIqROVo0xBJfh5h6cQyPm7Q,日本猫耳版ボール【目標9000人】,12900,3935226,226
2026-10-06 06:00,UC1swbrz9S2VKVABS673ACgQ,áíš!aispoaporu,139000,95608921,1062
2026-10-06 06:00,UC9EPL3fLMARICtvoL6NGMBA,AJ ball,3530,1530905,39
2026-10-06 06:00,UCQySCPjitaeZQqbgcKcofeQ,Dotto edit,12300,8769787,64
2026-10-06 06:00,UCEJRQBqXi3z3UXnHdueIvJg,F丸,34500,30340153,92
2026-10-06 06:00,UCZ-zUkkdNTYAYDgkDyeb_hA,JP-BALL,439000,166608495,128
2026-10-06 06:00,UCa-Pej_sn8Uw_mwXLKZiuIg,MOON-BALL,224000,39926226,30
2026-10-06 06:00,UC4bqMpF49ebuiF4TbJvFmyw,Opera_cb,191000,88923456,142
2026-10-06 06:00,UC61bxgiYRsBGZ04-x_M8zFw,Past_Ball,7940,3608882,218
2026-10-06 06:00,UCGueqNQmvtQYlGO3UL3Gf3w,udonball,6930,1252519,116
2026-10-06 06:00,UCYs_v0vuLKeCI--nTS1a5Dw,Dezinicht【Æž!フヒフム 海外アカウント】,131000,58886975,271
2026-10-06 06:00,UCfh08MHIzScBQKh5OuG2ofA,Somen ball,168000,60857243,112
2026-10-06 06:00,UCyedH2V27OuhZclf5wfXhlg,Spheria,132000,92656637,68
2026-10-06 06:00,UCfe4nCMqfTwoiMmIGqAolcQ,りょうデス,24000,15263916,891
2026-10-06 06:00,UCL2O1gyawq0sYCuO-rZ6DeA,MakkoyuCB,4940,2651117,30
2026-10-06 12:00,UC0oyndW7j5GS5NIb8ww7cxw,AST.アオスト Polandball,3700,1768214,32
2026-10-06 12:00,UCfJp9c3kSkIjYFevd2G1RKg,くろまめ,17500,16746785,86
2026-10-06 12:00,UCIqROVo0xBJfh5h6cQyPm7Q,日本猫耳版ボール【目標9000人】,12900,3935226,226
2026-10-06 12:00,UC1swbrz9S2VKVABS673ACgQ,áíš!aispoaporu,139000,95608921,1062
2026-10-06 12:00,UC9EPL3fLMARICtvoL6NGMBA,AJ ball,3530,1530905,39
2026-10-06 12:00,UCQySCPjitaeZQqbgcKcofeQ,Dotto edit,12300,8770940,64
2026-10-06 12:00,UCEJRQBqXi3z3UXnHdueIvJg,F丸,34600,30354152,92
2026-10-06 12:00,UCZ-zUkkdNTYAYDgkDyeb_hA,JP-BALL,439000,166612700,128
2026-10-06 12:00,UCa-Pej_sn8Uw_mwXLKZiuIg,MOON-BALL,224000,39926226,30
2026-10-06 12:00,UC4bqMpF49ebuiF4TbJvFmyw,Opera_cb,191000,88923456,142
2026-10-06 12:00,UC61bxgiYRsBGZ04-x_M8zFw,Past_Ball,7950,3608882,218
2026-10-06 12:00,UCGueqNQmvtQYlGO3UL3Gf3w,udonball,6930,1252519,116
2026-10-06 12:00,UCYs_v0vuLKeCI--nTS1a5Dw,Dezinicht【Æž!フヒフム 海外アカウント】,131000,58886975,271
2026-10-06 12:00,UCfh08MHIzScBQKh5OuG2ofA,Somen ball,168000,60857243,112
2026-10-06 12:00,UCyedH2V27OuhZclf5wfXhlg,Spheria,132000,92656637,68
2026-10-06 12:00,UCfe4nCMqfTwoiMmIGqAolcQ,りょうデス,24000,15263916,891
2026-10-06 12:00,UCL2O1gyawq0sYCuO-rZ6DeA,MakkoyuCB,4940,2651117,30
2026-10-06 18:00,UC0oyndW7j5GS5NIb8ww7cxw,AST.アオスト Polandball,3700,1768294,32
2026-10-06 18:00,UCfJp9c3kSkIjYFevd2G1RKg,くろまめ,17500,16748522,86
2026-10-06 18:00,UCIqROVo0xBJfh5h6cQyPm7Q,日本猫耳版ボール【目標9000人】,12900,3935289,226
2026-10-06 18:00,UC1swbrz9S2VKVABS673ACgQ,áíš!aispoaporu,139000,95612664,1061
2026-10-06 18:00,UC9EPL3fLMARICtvoL6NGMBA,AJ ball,3530,1530971,39
2026-10-06 18:00,UCQySCPjitaeZQqbgcKcofeQ,Dotto edit,12300,8770940,64
2026-10-06 18:00,UCEJRQBqXi3z3UXnHdueIvJg,F丸,34600,30354152,92
2026-10-06 18:00,UCZ-zUkkdNTYAYDgkDyeb_hA,JP-BALL,439000,166612700,128
2026-10-06 18:00,UCa-Pej_sn8Uw_mwXLKZiuIg,MOON-BALL,224000,39932061,30
2026-10-06 18:00,UC4bqMpF49ebuiF4TbJvFmyw,Opera_cb,191000,88930492,142
2026-10-06 18:00,UC61bxgiYRsBGZ04-x_M8zFw,Past_Ball,7950,3609960,218
2026-10-06 18:00,UCGueqNQmvtQYlGO3UL3Gf3w,udonball,6930,1252650,116
2026-10-06 18:00,UCYs_v0vuLKeCI--nTS1a5Dw,Dezinicht【Æž!フヒフム 海外アカウント】,131000,59094137,271
2026-10-06 18:00,UCfh08MHIzScBQKh5OuG2ofA,Somen ball,168000,60917555,112
2026-10-06 18:00,UCyedH2V27OuhZclf5wfXhlg,Spheria,132000,92660067,68
2026-10-06 18:00,UCfe4nCMqfTwoiMmIGqAolcQ,りょうデス,24000,15264000,891
2026-10-06 18:00,UCL2O1gyawq0sYCuO-rZ6DeA,MakkoyuCB,4950,2652742,30
2026-10-07 00:00,UC0oyndW7j5GS5NIb8ww7cxw,AST.アオスト Polandball,3710,1768568,32
2026-10-07 00:00,UCfJp9c3kSkIjYFevd2G1RKg,くろまめ,17500,16752556,86
2026-10-07 00:00,UCIqROVo0xBJfh5h6cQyPm7Q,日本猫耳版ボール【目標9000人】,12900,3935289,226
2026-10-07 00:00,UC1swbrz9S2VKVABS673ACgQ,áíš!aispoaporu,139000,95679741,1061
2026-10-07 00:00,UC9EPL3fLMARICtvoL6NGMBA,AJ ball,3530,1531216,39
2026-10-07 00:00,UCQySCPjitaeZQqbgcKcofeQ,Dotto edit,12300,8782278,64
2026-10-07 00:00,UCEJRQBqXi3z3UXnHdueIvJg,F丸,34700,30402840,92
2026-10-07 00:00,UCZ-zUkkdNTYAYDgkDyeb_hA,JP-BALL,439000,166631580,128
2026-10-07 00:00,UCa-Pej_sn8Uw_mwXLKZiuIg,MOON-BALL,224000,39932061,30
2026-10-07 00:00,UC4bqMpF49ebuiF4TbJvFmyw,Opera_cb,191000,88958840,142
2026-10-07 00:00,UC61bxgiYRsBGZ04-x_M8zFw,Past_Ball,7950,3609960,218
2026-10-07 00:00,UCGueqNQmvtQYlGO3UL3Gf3w,udonball,6930,1252650,116
2026-10-07 00:00,UCYs_v0vuLKeCI--nTS1a5Dw,Dezinicht【Æž!フヒフム 海外アカウント】,131000,59094137,271
2026-10-07 00:00,UCfh08MHIzScBQKh5OuG2ofA,Somen ball,169000,60917555,113
2026-10-07 00:00,UCyedH2V27OuhZclf5wfXhlg,Spheria,132000,92697583,68
2026-10-07 00:00,UCfe4nCMqfTwoiMmIGqAolcQ,りょうデス,24000,15264289,891
2026-10-07 00:00,UCL2O1gyawq0sYCuO-rZ6DeA,MakkoyuCB,4950,2658878,30
2026-10-07 06:00,UC0oyndW7j5GS5NIb8ww7cxw,AST.アオスト Polandball,3710,1768568,32
2026-10-07 06:00,UCfJp9c3kSkIjYFevd2G1RKg,くろまめ,17500,16752556,86
2026-10-07 06:00,UCIqROVo0xBJfh5h6cQyPm7Q,日本猫耳版ボール【目標9000人】,12900,3935582,226
2026-10-07 06:00,UC1swbrz9S2VKVABS673ACgQ,áíš!aispoaporu,139000,95679741,1061
2026-10-07 06:00,UC9EPL3fLMARICtvoL6NGMBA,AJ ball,3530,1531216,39
2026-10-07 06:00,UCQySCPjitaeZQqbgcKcofeQ,Dotto edit,12300,8782278,64
2026-10-07 06:00,UCEJRQBqXi3z3UXnHdueIvJg,F丸,34700,30402840,92
2026-10-07 06:00,UCZ-zUkkdNTYAYDgkDyeb_hA,JP-BALL,439000,166631580,128
2026-10-07 06:00,UCa-Pej_sn8Uw_mwXLKZiuIg,MOON-BALL,224000,39957701,30
2026-10-07 06:00,UC4bqMpF49ebuiF4TbJvFmyw,Opera_cb,191000,88958840,142
2026-10-07 06:00,UC61bxgiYRsBGZ04-x_M8zFw,Past_Ball,7960,3614500,218
2026-10-07 06:00,UCGueqNQmvtQYlGO3UL3Gf3w,udonball,6930,1247359,116
2026-10-07 06:00,UCYs_v0vuLKeCI--nTS1a5Dw,Dezinicht【Æž!フヒフム 海外アカウント】,131000,59609167,271
2026-10-07 06:00,UCfh08MHIzScBQKh5OuG2ofA,Somen ball,169000,61009618,113
2026-10-07 06:00,UCyedH2V27OuhZclf5wfXhlg,Spheria,132000,92697583,68
2026-10-07 06:00,UCfe4nCMqfTwoiMmIGqAolcQ,りょうデス,24000,15264289,891
2026-10-07 06:00,UCL2O1gyawq0sYCuO-rZ6DeA,MakkoyuCB,4950,2658878,30
2026-10-07 12:00,UC0oyndW7j5GS5NIb8ww7cxw,AST.アオスト Polandball,3700,1768568,32
2026-10-07 12:00,UCfJp9c3kSkIjYFevd2G1RKg,くろまめ,17500,16755735,86
2026-10-07 12:00,UCIqROVo0xBJfh5h6cQyPm7Q,日本猫耳版ボール【目標9000人】,12900,3935582,226
2026-10-07 12:00,UC1swbrz9S2VKVABS673ACgQ,áíš!aispoaporu,139000,95685342,1061
2026-10-07 12:00,UC9EPL3fLMARICtvoL6NGMBA,AJ ball,3530,1531216,39
2026-10-07 12:00,UCQySCPjitaeZQqbgcKcofeQ,Dotto edit,12300,8782278,64
2026-10-07 12:00,UCEJRQBqXi3z3UXnHdueIvJg,F丸,34700,30431093,92
2026-10-07 12:00,UCZ-zUkkdNTYAYDgkDyeb_hA,JP-BALL,439000,166640746,128
2026-10-07 12:00,UCa-Pej_sn8Uw_mwXLKZiuIg,MOON-BALL,225000,39966536,30
2026-10-07 12:00,UC4bqMpF49ebuiF4TbJvFmyw,Opera_cb,191000,88958840,142
2026-10-07 12:00,UC61bxgiYRsBGZ04-x_M8zFw,Past_Ball,7960,3614500,218
2026-10-07 12:00,UCGueqNQmvtQYlGO3UL3Gf3w,udonball,6930,1247359,116
2026-10-07 12:00,UCYs_v0vuLKeCI--nTS1a5Dw,Dezinicht【Æž!フヒフム 海外アカウント】,132000,59771884,272
2026-10-07 12:00,UCfh08MHIzScBQKh5OuG2ofA,Somen ball,169000,61046852,113
2026-10-07 12:00,UCyedH2V27OuhZclf5wfXhlg,Spheria,132000,92697583,68
2026-10-07 12:00,UCfe4nCMqfTwoiMmIGqAolcQ,りょうデス,24000,15264757,891
2026-10-07 12:00,UCL2O1gyawq0sYCuO-rZ6DeA,MakkoyuCB,4950,2658878,30
2026-10-07 18:00,UC0oyndW7j5GS5NIb8ww7cxw,AST.アオスト Polandball,3710,1768856,32
2026-10-07 18:00,UCfJp9c3kSkIjYFevd2G1RKg,くろまめ,17500,16755735,86
2026-10-07 18:00,UCIqROVo0xBJfh5h6cQyPm7Q,日本猫耳版ボール【目標9000人】,12900,3935663,226
2026-10-07 18:00,UC1swbrz9S2VKVABS673ACgQ,áíš!aispoaporu,139000,95685342,1062
2026-10-07 18:00,UC9EPL3fLMARICtvoL6NGMBA,AJ ball,3530,1531344,39
2026-10-07 18:00,UCQySCPjitaeZQqbgcKcofeQ,Dotto edit,12300,8784554,64
2026-10-07 18:00,UCEJRQBqXi3z3UXnHdueIvJg,F丸,34800,30431093,92
2026-10-07 18:00,UCZ-zUkkdNTYAYDgkDyeb_hA,JP-BALL,439000,166640746,128
2026-10-07 18:00,UCa-Pej_sn8Uw_mwXLKZiuIg,MOON-BALL,225000,39966536,30
2026-10-07 18:00,UC4bqMpF49ebuiF4TbJvFmyw,Opera_cb,191000,88972781,142
2026-10-07 18:00,UC61bxgiYRsBGZ04-x_M8zFw,Past_Ball,7960,3615450,218
2026-10-07 18:00,UCGueqNQmvtQYlGO3UL3Gf3w,udonball,6930,1247590,116
2026-10-07 18:00,UCYs_v0vuLKeCI--nTS1a5Dw,Dezinicht【Æž!フヒフム 海外アカウント】,132000,59771884,272
2026-10-07 18:00,UCfh08MHIzScBQKh5OuG2ofA,Somen ball,169000,61046852,113
2026-10-07 18:00,UCyedH2V27OuhZclf5wfXhlg,Spheria,132000,92709960,68
2026-10-07 18:00,UCfe4nCMqfTwoiMmIGqAolcQ,りょうデス,24000,15264757,891
2026-10-07 18:00,UCL2O1gyawq0sYCuO-rZ6DeA,MakkoyuCB,4950,2660944,30
2026-10-08 00:00,UC0oyndW7j5GS5NIb8ww7cxw,AST.アオスト Polandball,3710,1768856,32
2026-10-08 00:00,UCfJp9c3kSkIjYFevd2G1RKg,くろまめ,17500,16755735,86
2026-10-08 00:00,UCIqROVo0xBJfh5h6cQyPm7Q,日本猫耳版ボール【目標9000人】,12900,3935663,226
2026-10-08 00:00,UC1swbrz9S2VKVABS673ACgQ,áíš!aispoaporu,139000,95722429,1062
2026-10-08 00:00,UC9EPL3fLMARICtvoL6NGMBA,AJ ball,3530,1531585,39
2026-10-08 00:00,UCQySCPjitaeZQqbgcKcofeQ,Dotto edit,12300,8784554,64
2026-10-08 00:00,UCEJRQBqXi3z3UXnHdueIvJg,F丸,34900,30431093,92
2026-10-08 00:00,UCZ-zUkkdNTYAYDgkDyeb_hA,JP-BALL,439000,166640746,128
2026-10-08 00:00,UCa-Pej_sn8Uw_mwXLKZiuIg,MOON-BALL,225000,39966536,30
2026-10-08 00:00,UC4bqMpF49ebuiF4TbJvFmyw,Opera_cb,191000,88972781,142
2026-10-08 00:00,UC61bxgiYRsBGZ04-x_M8zFw,Past_Ball,7960,3615450,218
2026-10-08 00:00,UCGueqNQmvtQYlGO3UL3Gf3w,udonball,6930,1247590,116
2026-10-08 00:00,UCYs_v0vuLKeCI--nTS1a5Dw,Dezinicht【Æž!フヒフム 海外アカウント】,132000,59771884,272
2026-10-08 00:00,UCfh08MHIzScBQKh5OuG2ofA,Somen ball,169000,61105739,113
2026-10-08 00:00,UCyedH2V27OuhZclf5wfXhlg,Spheria,132000,92709960,68
2026-10-08 00:00,UCfe4nCMqfTwoiMmIGqAolcQ,りょうデス,24000,15264757,891
2026-10-08 00:00,UCL2O1gyawq0sYCuO-rZ6DeA,MakkoyuCB,4950,2660944,30
2026-10-08 06:00,UC0oyndW7j5GS5NIb8ww7cxw,AST.アオスト Polandball,3710,1769073,32
2026-10-08 06:00,UCfJp9c3kSkIjYFevd2G1RKg,くろまめ,17500,16757944,86
2026-10-08 06:00,UCIqROVo0xBJfh5h6cQyPm7Q,日本猫耳版ボール【目標9000人】,12900,3935797,226
2026-10-08 06:00,UC1swbrz9S2VKVABS673ACgQ,áíš!aispoaporu,139000,95722429,1062
2026-10-08 06:00,UC9EPL3fLMARICtvoL6NGMBA,AJ ball,3530,1531585,39
2026-10-08 06:00,UCQySCPjitaeZQqbgcKcofeQ,Dotto edit,12300,8789117,64
2026-10-08 06:00,UCEJRQBqXi3z3UXnHdueIvJg,F丸,34900,30487386,92
2026-10-08 06:00,UCZ-zUkkdNTYAYDgkDyeb_hA,JP-BALL,439000,166659122,128
2026-10-08 06:00,UCa-Pej_sn8Uw_mwXLKZiuIg,MOON-BALL,225000,39991504,30
2026-10-08 06:00,UC4bqMpF49ebuiF4TbJvFmyw,Opera_cb,191000,88997249,142
2026-10-08 06:00,UC61bxgiYRsBGZ04-x_M8zFw,Past_Ball,7960,3616935,218
2026-10-08 06:00,UCGueqNQmvtQYlGO3UL3Gf3w,udonball,6930,1248024,116
2026-10-08 06:00,UCYs_v0vuLKeCI--nTS1a5Dw,Dezinicht【Æž!フヒフム 海外アカウント】,132000,60122938,272
2026-10-08 06:00,UCfh08MHIzScBQKh5OuG2ofA,Somen ball,169000,61105739,113
2026-10-08 06:00,UCyedH2V27OuhZclf5wfXhlg,Spheria,132000,92733397,68
2026-10-08 06:00,UCfe4nCMqfTwoiMmIGqAolcQ,りょうデス,24000,15264757,891
2026-10-08 06:00,UCL2O1gyawq0sYCuO-rZ6DeA,MakkoyuCB,4950,2663422,30
